ID	Description	GeneRatio	BgRatio	pvalue	p.adjust	qvalue	geneID	Count
GO:0008380	RNA splicing	12/23	256/4252	1,3159390639458e-09	8,09520508822424e-07	6,9316740816599e-07	SRSF2/SRSF3/SRSF6/SRSF1/TRA2A/THRAP3/IWS1/LUC7L2/RNPS1/RBM39/JMJD6/ZRANB2	12
GO:0050684	regulation of mRNA processing	8/23	77/4252	3,15028372141586e-09	8,09520508822424e-07	6,9316740816599e-07	SRSF3/SRSF6/TRA2A/THRAP3/IWS1/RNPS1/RBM39/JMJD6	8
GO:0006397	mRNA processing	12/23	280/4252	3,71339682946066e-09	8,09520508822424e-07	6,9316740816599e-07	SRSF2/SRSF3/SRSF6/SRSF1/TRA2A/THRAP3/IWS1/LUC7L2/RNPS1/RBM39/JMJD6/ZRANB2	12
GO:0016071	mRNA metabolic process	13/23	385/4252	1,11693806625998e-08	1,18445243004899e-06	1,01421003184623e-06	SRSF2/SRSF3/SRSF6/SRSF1/TRA2A/THRAP3/IWS1/LUC7L2/RNPS1/RBM39/JMJD6/MRTO4/ZRANB2	13
GO:0000377	RNA splicing, via transesterification reactions with bulged adenosine as nucleophile	10/23	182/4252	1,13929068976928e-08	1,18445243004899e-06	1,01421003184623e-06	SRSF2/SRSF3/SRSF6/SRSF1/TRA2A/THRAP3/LUC7L2/RNPS1/RBM39/JMJD6	10
GO:0000398	mRNA splicing, via spliceosome	10/23	182/4252	1,13929068976928e-08	1,18445243004899e-06	1,01421003184623e-06	SRSF2/SRSF3/SRSF6/SRSF1/TRA2A/THRAP3/LUC7L2/RNPS1/RBM39/JMJD6	10
GO:0000375	RNA splicing, via transesterification reactions	10/23	185/4252	1,33561837476867e-08	1,18445243004899e-06	1,01421003184623e-06	SRSF2/SRSF3/SRSF6/SRSF1/TRA2A/THRAP3/LUC7L2/RNPS1/RBM39/JMJD6	10
GO:0043484	regulation of RNA splicing	8/23	93/4252	1,44887147406604e-08	1,18445243004899e-06	1,01421003184623e-06	SRSF3/SRSF6/SRSF1/TRA2A/THRAP3/RNPS1/RBM39/JMJD6	8
GO:0048024	regulation of mRNA splicing, via spliceosome	7/23	63/4252	2,27047765936103e-08	1,64988043246901e-06	1,41274165471353e-06	SRSF3/SRSF6/TRA2A/THRAP3/RNPS1/RBM39/JMJD6	7
GO:1903311	regulation of mRNA metabolic process	8/23	150/4252	6,2292058247424e-07	4,07390060938153e-05	3,48835526185574e-05	SRSF3/SRSF6/TRA2A/THRAP3/IWS1/RNPS1/RBM39/JMJD6	8
GO:0000380	alternative mRNA splicing, via spliceosome	4/23	39/4252	4,72338404017864e-05	0,00272669173509195	0,0023347819138402	SRSF6/SRSF1/THRAP3/RNPS1	4
GO:0045934	negative regulation of nucleobase-containing compound metabolic process	9/23	355/4252	5,06805371288256e-05	0,00272669173509195	0,0023347819138402	SRSF2/SRSF6/HMGB1/HMGA2/SUB1/BCLAF1/THRAP3/RNPS1/NKAP	9
GO:0051254	positive regulation of RNA metabolic process	10/23	453/4252	5,42002944284333e-05	0,00272669173509195	0,0023347819138402	HMGB1/SRSF1/HMGA2/SUB1/TRA2A/BCLAF1/THRAP3/DEK/UBTF/JMJD6	10
GO:0006376	mRNA splice site selection	3/23	18/4252	0,00010704256846615	0,00500041712691872	0,004281702738646	SRSF6/SRSF1/LUC7L2	3
GO:0006352	DNA-templated transcription, initiation	4/23	52/4252	0,000148377208548559	0,00646924629271719	0,00553941578581288	HMGB1/SUB1/BCLAF1/UBTF	4
GO:0051253	negative regulation of RNA metabolic process	8/23	320/4252	0,000169633227514137	0,00693375817464037	0,00593716296299481	SRSF2/SRSF6/HMGB1/HMGA2/BCLAF1/THRAP3/RNPS1/NKAP	8
GO:0045944	positive regulation of transcription by RNA polymerase II	7/23	239/4252	0,000183167566832844	0,00704656404168707	0,00603375514272899	HMGB1/HMGA2/SUB1/BCLAF1/THRAP3/DEK/JMJD6	7
GO:0033120	positive regulation of RNA splicing	3/23	26/4252	0,00033156167358957	0,0120467408070877	0,0103152520672311	SRSF1/TRA2A/THRAP3	3
GO:0000381	regulation of alternative mRNA splicing, via spliceosome	3/23	27/4252	0,000371691646879592	0,0121543168529627	0,0104073661126286	SRSF6/THRAP3/RNPS1	3
GO:2000142	regulation of DNA-templated transcription, initiation	3/23	27/4252	0,000371691646879592	0,0121543168529627	0,0104073661126286	HMGB1/SUB1/BCLAF1	3
GO:0006303	double-strand break repair via nonhomologous end joining	3/23	29/4252	0,000461060209844405	0,01435873224944	0,0122949389291841	HMGB1/HMGA2/DEK	3
GO:0045893	positive regulation of transcription, DNA-templated	8/23	379/4252	0,000546963482936213	0,0161195523458177	0,0138026747915258	HMGB1/HMGA2/SUB1/BCLAF1/THRAP3/DEK/UBTF/JMJD6	8
GO:1902680	positive regulation of RNA biosynthetic process	8/23	381/4252	0,000566895571794811	0,0161195523458177	0,0138026747915258	HMGB1/HMGA2/SUB1/BCLAF1/THRAP3/DEK/UBTF/JMJD6	8
GO:0006366	transcription by RNA polymerase II	9/23	500/4252	0,000714640413490888	0,0194739512676267	0,0166749429814541	HMGB1/HMGA2/SUB1/BCLAF1/THRAP3/IWS1/DEK/JMJD6/NKAP	9
GO:0006360	transcription by RNA polymerase I	3/23	39/4252	0,00111315062974783	0,0291200204742033	0,0249345741063514	DEK/UBTF/TCOF1	3
GO:0001837	epithelial to mesenchymal transition	3/23	43/4252	0,00148209018938424	0,0362041479247232	0,0310004936358486	NOLC1/HMGA2/TCOF1	3
GO:2001032	regulation of double-strand break repair via nonhomologous end joining	2/23	11/4252	0,0014946666574427	0,0362041479247232	0,0310004936358486	HMGA2/DEK	2
GO:1903312	negative regulation of mRNA metabolic process	3/23	45/4252	0,00169216127328373	0,0380552748902049	0,0325855564809094	SRSF6/THRAP3/RNPS1	3
GO:0006357	regulation of transcription by RNA polymerase II	8/23	450/4252	0,00172066545312374	0,0380552748902049	0,0325855564809094	HMGB1/HMGA2/SUB1/BCLAF1/THRAP3/DEK/JMJD6/NKAP	8
GO:0010629	negative regulation of gene expression	7/23	347/4252	0,00176444074612556	0,0380552748902049	0,0325855564809094	SRSF3/SRSF6/HMGB1/HMGA2/THRAP3/RNPS1/MRTO4	7
GO:0000245	spliceosomal complex assembly	3/23	46/4252	0,0018038433051932	0,0380552748902049	0,0325855564809094	SRSF6/SRSF1/LUC7L2	3
GO:0043277	apoptotic cell clearance	2/23	13/4252	0,0021057985774699	0,0430372584270411	0,0368514751057232	HMGB1/JMJD6	2
GO:0071824	protein-DNA complex subunit organization	6/23	269/4252	0,00244820058415783	0,0457555865842744	0,0391790955461677	HMGB1/HMGA2/IWS1/DEK/UBTF/JMJD6	6
GO:0046637	regulation of alpha-beta T cell differentiation	2/23	14/4252	0,00244869347163548	0,0457555865842744	0,0391790955461677	HMGB1/NKAP	2
GO:0048025	negative regulation of mRNA splicing, via spliceosome	2/23	14/4252	0,00244869347163548	0,0457555865842744	0,0391790955461677	SRSF6/RNPS1	2
GO:0014032	neural crest cell development	2/23	15/4252	0,00281613509434843	0,0472244192744583	0,040436811611157	NOLC1/TCOF1	2
GO:0033119	negative regulation of RNA splicing	2/23	15/4252	0,00281613509434843	0,0472244192744583	0,040436811611157	SRSF6/RNPS1	2
GO:0048864	stem cell development	2/23	15/4252	0,00281613509434843	0,0472244192744583	0,040436811611157	NOLC1/TCOF1	2
GO:0050686	negative regulation of mRNA processing	2/23	15/4252	0,00281613509434843	0,0472244192744583	0,040436811611157	SRSF6/RNPS1	2
GO:0048762	mesenchymal cell differentiation	3/23	56/4252	0,00317981942101363	0,051169459266052	0,0438148275060996	NOLC1/HMGA2/TCOF1	3
GO:0014033	neural crest cell differentiation	2/23	16/4252	0,00320787129955372	0,051169459266052	0,0438148275060996	NOLC1/TCOF1	2
GO:0030217	T cell differentiation	3/23	59/4252	0,00368994130856811	0,057457657519132	0,0491992174475748	HMGB1/JMJD6/NKAP	3
GO:0006338	chromatin remodeling	5/23	204/4252	0,00400975055093532	0,0609855083793419	0,0522200071749717	HMGB1/HMGA2/IWS1/DEK/JMJD6	5
GO:0048863	stem cell differentiation	3/23	62/4252	0,00424761278166366	0,0631349718001826	0,0540605263120829	NOLC1/HMGA2/TCOF1	3
GO:0046634	regulation of alpha-beta T cell activation	2/23	19/4252	0,00452635298287695	0,0633081695072489	0,0542088301591122	HMGB1/NKAP	2
GO:0048026	positive regulation of mRNA splicing, via spliceosome	2/23	19/4252	0,00452635298287695	0,0633081695072489	0,0542088301591122	TRA2A/THRAP3	2
GO:0022613	ribonucleoprotein complex biogenesis	6/23	305/4252	0,00460647391455913	0,0633081695072489	0,0542088301591122	SRSF6/NOLC1/SRSF1/LUC7L2/EBNA1BP2/MRTO4	6
GO:0060485	mesenchyme development	3/23	64/4252	0,00464647115649533	0,0633081695072489	0,0542088301591122	NOLC1/HMGA2/TCOF1	3
GO:0045943	positive regulation of transcription by RNA polymerase I	2/23	20/4252	0,00501278202609358	0,0649823157510616	0,0556423498785848	DEK/UBTF	2
GO:0046632	alpha-beta T cell differentiation	2/23	20/4252	0,00501278202609358	0,0649823157510616	0,0556423498785848	HMGB1/NKAP	2
GO:0000956	nuclear-transcribed mRNA catabolic process	3/23	66/4252	0,00506742829251397	0,0649823157510616	0,0556423498785848	THRAP3/RNPS1/MRTO4	3
GO:0022618	ribonucleoprotein complex assembly	4/23	136/4252	0,00552402794759605	0,0694752745716888	0,0594895317433421	SRSF6/SRSF1/LUC7L2/MRTO4	4
GO:0033077	T cell differentiation in thymus	2/23	22/4252	0,00605458084647116	0,0733277013628174	0,0627882458152565	JMJD6/NKAP	2
GO:0050685	positive regulation of mRNA processing	2/23	22/4252	0,00605458084647116	0,0733277013628174	0,0627882458152565	TRA2A/THRAP3	2
GO:0071826	ribonucleoprotein complex subunit organization	4/23	142/4252	0,00643717293172606	0,0755178267154136	0,0646635825086111	SRSF6/SRSF1/LUC7L2/MRTO4	4
GO:0006282	regulation of DNA repair	3/23	72/4252	0,00646635825086111	0,0755178267154136	0,0646635825086111	HMGB1/HMGA2/DEK	3
GO:0070897	transcription preinitiation complex assembly	2/23	24/4252	0,00718669955564672	0,0810362329205682	0,0693888232958994	HMGB1/UBTF	2
GO:2000144	positive regulation of DNA-templated transcription, initiation	2/23	24/4252	0,00718669955564672	0,0810362329205682	0,0693888232958994	SUB1/BCLAF1	2
GO:0051101	regulation of DNA binding	2/23	25/4252	0,00778603495374915	0,0863062179618973	0,0739013487135512	HMGB1/HMGA2	2
GO:0006325	chromatin organization	5/23	242/4252	0,00827793644760466	0,0886828331213005	0,0759363708683918	HMGB1/HMGA2/IWS1/DEK/JMJD6	5
GO:0006356	regulation of transcription by RNA polymerase I	2/23	26/4252	0,0084072410604291	0,0886828331213005	0,0759363708683918	DEK/UBTF	2
GO:0060260	regulation of transcription initiation from RNA polymerase II promoter	2/23	26/4252	0,0084072410604291	0,0886828331213005	0,0759363708683918	HMGB1/SUB1	2
GO:0030098	lymphocyte differentiation	3/23	81/4252	0,00896213073012015	0,0924805562318366	0,0791882438682393	HMGB1/JMJD6/NKAP	3
GO:0046631	alpha-beta T cell activation	2/23	27/4252	0,00905008501351306	0,0924805562318366	0,0791882438682393	HMGB1/NKAP	2
GO:0051028	mRNA transport	3/23	83/4252	0,00958361246900977	0,0962602349878395	0,0824246660446332	SRSF3/SRSF1/IWS1	3
GO:0072089	stem cell proliferation	2/23	28/4252	0,00971433564097463	0,0962602349878395	0,0824246660446332	HMGA2/NKAP	2
GO:0016072	rRNA metabolic process	4/23	162/4252	0,0102005465439179	0,0995695140257057	0,0852582994715523	NOLC1/EBNA1BP2/MRTO4/TCOF1	4
GO:1990823	response to leukemia inhibitory factor	2/23	30/4252	0,0111061406202361	0,105266898052673	0,0901367934395975	SRSF3/BCLAF1	2
GO:1990830	cellular response to leukemia inhibitory factor	2/23	30/4252	0,0111061406202361	0,105266898052673	0,0901367934395975	SRSF3/BCLAF1	2
GO:1903131	mononuclear cell differentiation	3/23	89/4252	0,0115978194200332	0,108356770010024	0,0927825553602654	HMGB1/JMJD6/NKAP	3
GO:0045892	negative regulation of transcription, DNA-templated	5/23	267/4252	0,0124126532813351	0,114336271070326	0,0979026174302484	SRSF2/HMGB1/HMGA2/BCLAF1/NKAP	5
GO:1902679	negative regulation of RNA biosynthetic process	5/23	270/4252	0,0129896387629579	0,117989218763534	0,101030523711895	SRSF2/HMGB1/HMGA2/BCLAF1/NKAP	5
GO:0045580	regulation of T cell differentiation	2/23	35/4252	0,0149444086878216	0,133885524408703	0,114642039249042	HMGB1/NKAP	2
GO:0006367	transcription initiation from RNA polymerase II promoter	2/23	37/4252	0,0166185717800326	0,140456035386463	0,12026816485691	HMGB1/SUB1	2
GO:0030323	respiratory tube development	2/23	37/4252	0,0166185717800326	0,140456035386463	0,12026816485691	SRSF6/JMJD6	2
GO:0030324	lung development	2/23	37/4252	0,0166185717800326	0,140456035386463	0,12026816485691	SRSF6/JMJD6	2
GO:0050657	nucleic acid transport	3/23	102/4252	0,0167516372479268	0,140456035386463	0,12026816485691	SRSF3/SRSF1/IWS1	3
GO:0050658	RNA transport	3/23	102/4252	0,0167516372479268	0,140456035386463	0,12026816485691	SRSF3/SRSF1/IWS1	3
GO:0051236	establishment of RNA localization	3/23	103/4252	0,0171936681425135	0,142337455255745	0,121879166579843	SRSF3/SRSF1/IWS1	3
GO:0006302	double-strand break repair	3/23	104/4252	0,0176422791475896	0,144225632031545	0,123495954033127	HMGB1/HMGA2/DEK	3
GO:0031507	heterochromatin assembly	2/23	39/4252	0,0183694791924041	0,146507797461369	0,125450101801784	HMGB1/HMGA2	2
GO:0050679	positive regulation of epithelial cell proliferation	2/23	39/4252	0,0183694791924041	0,146507797461369	0,125450101801784	SRSF6/HMGB1	2
GO:0051052	regulation of DNA metabolic process	4/23	195/4252	0,0191352363383418	0,150776440545488	0,129105209029776	HMGB1/HMGA2/SUB1/DEK	4
GO:0045619	regulation of lymphocyte differentiation	2/23	41/4252	0,0201954312308719	0,155386023823414	0,133052252815156	HMGB1/NKAP	2
GO:0060541	respiratory system development	2/23	41/4252	0,0201954312308719	0,155386023823414	0,133052252815156	SRSF6/JMJD6	2
GO:0002274	myeloid leukocyte activation	2/23	42/4252	0,0211360246690058	0,158884599235975	0,136047974880957	HMGB1/JMJD6	2
GO:0070828	heterochromatin organization	2/23	42/4252	0,0211360246690058	0,158884599235975	0,136047974880957	HMGB1/HMGA2	2
GO:0015931	nucleobase-containing compound transport	3/23	113/4252	0,0219774310971225	0,161497077949642	0,138284959712231	SRSF3/SRSF1/IWS1	3
GO:0042110	T cell activation	3/23	113/4252	0,0219774310971225	0,161497077949642	0,138284959712231	HMGB1/JMJD6/NKAP	3
GO:0032392	DNA geometric change	2/23	44/4252	0,023071411277997	0,167436488611083	0,143370693611936	HMGB1/SUB1	2
GO:0010628	positive regulation of gene expression	5/23	314/4252	0,0236854630263753	0,167436488611083	0,143370693611936	HMGB1/SRSF1/HMGA2/TRA2A/THRAP3	5
GO:0045814	negative regulation of gene expression, epigenetic	2/23	45/4252	0,0240657949991464	0,167436488611083	0,143370693611936	HMGB1/HMGA2	2
GO:1902107	positive regulation of leukocyte differentiation	2/23	45/4252	0,0240657949991464	0,167436488611083	0,143370693611936	HMGB1/NKAP	2
GO:1903708	positive regulation of hemopoiesis	2/23	45/4252	0,0240657949991464	0,167436488611083	0,143370693611936	HMGB1/NKAP	2
GO:0006406	mRNA export from nucleus	2/23	46/4252	0,0250777018943261	0,169080588029786	0,14477848516312	SRSF3/IWS1	2
GO:0051053	negative regulation of DNA metabolic process	2/23	46/4252	0,0250777018943261	0,169080588029786	0,14477848516312	HMGA2/SUB1	2
GO:0071103	DNA conformation change	2/23	46/4252	0,0250777018943261	0,169080588029786	0,14477848516312	HMGB1/SUB1	2
GO:0034660	ncRNA metabolic process	5/23	320/4252	0,0254913083642962	0,170115466022956	0,14566461922455	SRSF3/NOLC1/EBNA1BP2/MRTO4/TCOF1	5
GO:0002521	leukocyte differentiation	3/23	121/4252	0,0262832380126275	0,171892376602584	0,147186132870714	HMGB1/JMJD6/NKAP	3
GO:0006402	mRNA catabolic process	3/23	121/4252	0,0262832380126275	0,171892376602584	0,147186132870714	THRAP3/RNPS1/MRTO4	3
GO:2000779	regulation of double-strand break repair	2/23	48/4252	0,0271532829232274	0,175824228037532	0,150552855811954	HMGA2/DEK	2
GO:0042273	ribosomal large subunit biogenesis	2/23	49/4252	0,0282165596443672	0,180917941249178	0,15491444510633	EBNA1BP2/MRTO4	2
GO:0019827	stem cell population maintenance	2/23	50/4252	0,0292965646960293	0,186018964186439	0,159282293492975	HMGA2/NKAP	2
GO:0098727	maintenance of cell number	2/23	51/4252	0,0303931030599278	0,191125859626854	0,163655170322688	HMGA2/NKAP	2
GO:0006403	RNA localization	3/23	129/4252	0,0310159719317279	0,193185196603334	0,165418516969216	SRSF3/SRSF1/IWS1	3
GO:1903900	regulation of viral life cycle	2/23	52/4252	0,0315059811766423	0,194385959335133	0,166446693008676	HMGB1/HMGA2	2
GO:0019058	viral life cycle	3/23	134/4252	0,0341902643054722	0,208976007997933	0,178939701037986	HMGB1/HMGA2/DEK	3
GO:0006909	phagocytosis	2/23	56/4252	0,0361170705409631	0,218708927164721	0,18727369910129	HMGB1/JMJD6	2
GO:0050870	positive regulation of T cell activation	2/23	57/4252	0,0373087944635369	0,223852766781221	0,191678210087896	HMGB1/NKAP	2
GO:0006364	rRNA processing	3/23	144/4252	0,0410346028109938	0,240008027546007	0,205511460895663	NOLC1/EBNA1BP2/MRTO4	3
GO:0034470	ncRNA processing	4/23	248/4252	0,0416356827169772	0,240008027546007	0,205511460895663	SRSF3/NOLC1/EBNA1BP2/MRTO4	4
GO:0043065	positive regulation of apoptotic process	3/23	145/4252	0,0417551309413839	0,240008027546007	0,205511460895663	HMGB1/BCLAF1/RNPS1	3
GO:0019079	viral genome replication	2/23	61/4252	0,0422259464394207	0,240008027546007	0,205511460895663	HMGA2/DEK	2
GO:1902105	regulation of leukocyte differentiation	2/23	61/4252	0,0422259464394207	0,240008027546007	0,205511460895663	HMGB1/NKAP	2
GO:1903039	positive regulation of leukocyte cell-cell adhesion	2/23	61/4252	0,0422259464394207	0,240008027546007	0,205511460895663	HMGB1/NKAP	2
GO:0043068	positive regulation of programmed cell death	3/23	147/4252	0,0432157334320768	0,240008027546007	0,205511460895663	HMGB1/BCLAF1/RNPS1	3
GO:0002262	myeloid cell homeostasis	2/23	62/4252	0,0434918908946793	0,240008027546007	0,205511460895663	HMGB1/JMJD6	2
GO:0006405	RNA export from nucleus	2/23	62/4252	0,0434918908946793	0,240008027546007	0,205511460895663	SRSF3/IWS1	2
GO:0006401	RNA catabolic process	3/23	149/4252	0,0447023145007452	0,240008027546007	0,205511460895663	THRAP3/RNPS1/MRTO4	3
GO:0031333	negative regulation of protein-containing complex assembly	2/23	63/4252	0,0447721396951266	0,240008027546007	0,205511460895663	HMGB1/JMJD6	2
GO:0050792	regulation of viral process	2/23	63/4252	0,0447721396951266	0,240008027546007	0,205511460895663	HMGB1/HMGA2	2
GO:0065004	protein-DNA complex assembly	2/23	63/4252	0,0447721396951266	0,240008027546007	0,205511460895663	HMGB1/UBTF	2
GO:0022409	positive regulation of cell-cell adhesion	2/23	69/4252	0,0527442199668451	0,251137501780837	0,215041285928546	HMGB1/NKAP	2
GO:0031053	primary miRNA processing	1/23	10/4252	0,0528489212792648	0,251137501780837	0,215041285928546	SRSF3	1
GO:0043616	keratinocyte proliferation	1/23	10/4252	0,0528489212792648	0,251137501780837	0,215041285928546	SRSF6	1
GO:0045738	negative regulation of DNA repair	1/23	10/4252	0,0528489212792648	0,251137501780837	0,215041285928546	HMGA2	1
GO:0050765	negative regulation of phagocytosis	1/23	10/4252	0,0528489212792648	0,251137501780837	0,215041285928546	HMGB1	1
GO:0071425	hematopoietic stem cell proliferation	1/23	10/4252	0,0528489212792648	0,251137501780837	0,215041285928546	NKAP	1
GO:1903902	positive regulation of viral life cycle	1/23	10/4252	0,0528489212792648	0,251137501780837	0,215041285928546	HMGB1	1
GO:0018205	peptidyl-lysine modification	2/23	70/4252	0,0541197252015267	0,251137501780837	0,215041285928546	DEK/JMJD6	2
GO:0046649	lymphocyte activation	3/23	161/4252	0,0541610306972351	0,251137501780837	0,215041285928546	HMGB1/JMJD6/NKAP	3
GO:0050678	regulation of epithelial cell proliferation	2/23	71/4252	0,0555081580632243	0,251137501780837	0,215041285928546	SRSF6/HMGB1	2
GO:0048646	anatomical structure formation involved in morphogenesis	4/23	273/4252	0,0559986730186053	0,251137501780837	0,215041285928546	NOLC1/HMGA2/JMJD6/TCOF1	4
GO:1903313	positive regulation of mRNA metabolic process	2/23	72/4252	0,0569093523435775	0,251137501780837	0,215041285928546	TRA2A/THRAP3	2
GO:0002287	alpha-beta T cell activation involved in immune response	1/23	11/4252	0,0579843467414471	0,251137501780837	0,215041285928546	HMGB1	1
GO:0002293	alpha-beta T cell differentiation involved in immune response	1/23	11/4252	0,0579843467414471	0,251137501780837	0,215041285928546	HMGB1	1
GO:0002294	CD4-positive, alpha-beta T cell differentiation involved in immune response	1/23	11/4252	0,0579843467414471	0,251137501780837	0,215041285928546	HMGB1	1
GO:0006359	regulation of transcription by RNA polymerase III	1/23	11/4252	0,0579843467414471	0,251137501780837	0,215041285928546	DEK	1
GO:0032069	regulation of nuclease activity	1/23	11/4252	0,0579843467414471	0,251137501780837	0,215041285928546	HMGB1	1
GO:0032615	interleukin-12 production	1/23	11/4252	0,0579843467414471	0,251137501780837	0,215041285928546	HMGB1	1
GO:0032655	regulation of interleukin-12 production	1/23	11/4252	0,0579843467414471	0,251137501780837	0,215041285928546	HMGB1	1
GO:0042093	T-helper cell differentiation	1/23	11/4252	0,0579843467414471	0,251137501780837	0,215041285928546	HMGB1	1
GO:0043620	regulation of DNA-templated transcription in response to stress	1/23	11/4252	0,0579843467414471	0,251137501780837	0,215041285928546	BCLAF1	1
GO:0045616	regulation of keratinocyte differentiation	1/23	11/4252	0,0579843467414471	0,251137501780837	0,215041285928546	SRSF6	1
GO:0046006	regulation of activated T cell proliferation	1/23	11/4252	0,0579843467414471	0,251137501780837	0,215041285928546	HMGB1	1
GO:0046638	positive regulation of alpha-beta T cell differentiation	1/23	11/4252	0,0579843467414471	0,251137501780837	0,215041285928546	NKAP	1
GO:0046831	regulation of RNA export from nucleus	1/23	11/4252	0,0579843467414471	0,251137501780837	0,215041285928546	IWS1	1
GO:0050798	activated T cell proliferation	1/23	11/4252	0,0579843467414471	0,251137501780837	0,215041285928546	HMGB1	1
GO:0097421	liver regeneration	1/23	11/4252	0,0579843467414471	0,251137501780837	0,215041285928546	SRSF1	1
GO:1902106	negative regulation of leukocyte differentiation	1/23	11/4252	0,0579843467414471	0,251137501780837	0,215041285928546	HMGB1	1
GO:2000772	regulation of cellular senescence	1/23	11/4252	0,0579843467414471	0,251137501780837	0,215041285928546	HMGA2	1
GO:0051251	positive regulation of lymphocyte activation	2/23	76/4252	0,0626384641103035	0,255657217726061	0,218911379092652	HMGB1/NKAP	2
GO:0002292	T cell differentiation involved in immune response	1/23	12/4252	0,0630931324110877	0,255657217726061	0,218911379092652	HMGB1	1
GO:0032239	regulation of nucleobase-containing compound transport	1/23	12/4252	0,0630931324110877	0,255657217726061	0,218911379092652	IWS1	1
GO:0035019	somatic stem cell population maintenance	1/23	12/4252	0,0630931324110877	0,255657217726061	0,218911379092652	NKAP	1
GO:0042790	nucleolar large rRNA transcription by RNA polymerase I	1/23	12/4252	0,0630931324110877	0,255657217726061	0,218911379092652	TCOF1	1
GO:0043903	regulation of biological process involved in symbiotic interaction	1/23	12/4252	0,0630931324110877	0,255657217726061	0,218911379092652	HMGB1	1
GO:0052372	modulation by symbiont of entry into host	1/23	12/4252	0,0630931324110877	0,255657217726061	0,218911379092652	HMGB1	1
GO:1903707	negative regulation of hemopoiesis	1/23	12/4252	0,0630931324110877	0,255657217726061	0,218911379092652	HMGB1	1
GO:2000756	regulation of peptidyl-lysine acetylation	1/23	12/4252	0,0630931324110877	0,255657217726061	0,218911379092652	DEK	1
GO:0050863	regulation of T cell activation	2/23	77/4252	0,0641010168728004	0,255657217726061	0,218911379092652	HMGB1/NKAP	2
GO:1903037	regulation of leukocyte cell-cell adhesion	2/23	77/4252	0,0641010168728004	0,255657217726061	0,218911379092652	HMGB1/NKAP	2
GO:0040029	regulation of gene expression, epigenetic	2/23	78/4252	0,0655753604010283	0,255657217726061	0,218911379092652	HMGB1/HMGA2	2
GO:0006266	DNA ligation	1/23	13/4252	0,0681754102305558	0,255657217726061	0,218911379092652	HMGB1	1
GO:0007204	positive regulation of cytosolic calcium ion concentration	1/23	13/4252	0,0681754102305558	0,255657217726061	0,218911379092652	HMGB1	1
GO:0032732	positive regulation of interleukin-1 production	1/23	13/4252	0,0681754102305558	0,255657217726061	0,218911379092652	HMGB1	1
GO:0043367	CD4-positive, alpha-beta T cell differentiation	1/23	13/4252	0,0681754102305558	0,255657217726061	0,218911379092652	HMGB1	1
GO:0043388	positive regulation of DNA binding	1/23	13/4252	0,0681754102305558	0,255657217726061	0,218911379092652	HMGB1	1
GO:0045604	regulation of epidermal cell differentiation	1/23	13/4252	0,0681754102305558	0,255657217726061	0,218911379092652	SRSF6	1
GO:0140894	GO:0140894	1/23	13/4252	0,0681754102305558	0,255657217726061	0,218911379092652	HMGB1	1
GO:0001501	skeletal system development	2/23	80/4252	0,068558791313415	0,255657217726061	0,218911379092652	HMGA2/TCOF1	2
GO:2000026	regulation of multicellular organismal development	4/23	294/4252	0,0699472467410137	0,255657217726061	0,218911379092652	SRSF6/HMGB1/HMGA2/NKAP	4
GO:1903706	regulation of hemopoiesis	2/23	82/4252	0,0715875121646291	0,255657217726061	0,218911379092652	HMGB1/NKAP	2
GO:0000122	negative regulation of transcription by RNA polymerase II	3/23	182/4252	0,0728680819232818	0,255657217726061	0,218911379092652	HMGB1/HMGA2/NKAP	3
GO:0002062	chondrocyte differentiation	1/23	14/4252	0,0732313115197039	0,255657217726061	0,218911379092652	HMGA2	1
GO:0002437	inflammatory response to antigenic stimulus	1/23	14/4252	0,0732313115197039	0,255657217726061	0,218911379092652	HMGB1	1
GO:0006298	mismatch repair	1/23	14/4252	0,0732313115197039	0,255657217726061	0,218911379092652	HMGB1	1
GO:0010633	negative regulation of epithelial cell migration	1/23	14/4252	0,0732313115197039	0,255657217726061	0,218911379092652	HMGB1	1
GO:0016973	poly(A)+ mRNA export from nucleus	1/23	14/4252	0,0732313115197039	0,255657217726061	0,218911379092652	IWS1	1
GO:0042116	macrophage activation	1/23	14/4252	0,0732313115197039	0,255657217726061	0,218911379092652	JMJD6	1
GO:0048821	erythrocyte development	1/23	14/4252	0,0732313115197039	0,255657217726061	0,218911379092652	JMJD6	1
GO:0060428	lung epithelium development	1/23	14/4252	0,0732313115197039	0,255657217726061	0,218911379092652	SRSF6	1
GO:0070988	demethylation	1/23	14/4252	0,0732313115197039	0,255657217726061	0,218911379092652	JMJD6	1
GO:1904036	negative regulation of epithelial cell apoptotic process	1/23	14/4252	0,0732313115197039	0,255657217726061	0,218911379092652	SRSF6	1
GO:0016032	viral process	3/23	183/4252	0,0738247777564465	0,255657217726061	0,218911379092652	HMGB1/HMGA2/DEK	3
GO:0002696	positive regulation of leukocyte activation	2/23	84/4252	0,0746602976194051	0,255657217726061	0,218911379092652	HMGB1/NKAP	2
GO:0006974	cellular response to DNA damage stimulus	4/23	302/4252	0,0757080187005639	0,255657217726061	0,218911379092652	HMGB1/HMGA2/BCLAF1/DEK	4
GO:0050673	epithelial cell proliferation	2/23	85/4252	0,0762128368862073	0,255657217726061	0,218911379092652	SRSF6/HMGB1	2
GO:0050867	positive regulation of cell activation	2/23	86/4252	0,0777759414464533	0,255657217726061	0,218911379092652	HMGB1/NKAP	2
GO:0001707	mesoderm formation	1/23	15/4252	0,0782609669786575	0,255657217726061	0,218911379092652	HMGA2	1
GO:0018126	protein hydroxylation	1/23	15/4252	0,0782609669786575	0,255657217726061	0,218911379092652	JMJD6	1
GO:0032722	positive regulation of chemokine production	1/23	15/4252	0,0782609669786575	0,255657217726061	0,218911379092652	HMGB1	1
GO:0032755	positive regulation of interleukin-6 production	1/23	15/4252	0,0782609669786575	0,255657217726061	0,218911379092652	HMGB1	1
GO:0032757	positive regulation of interleukin-8 production	1/23	15/4252	0,0782609669786575	0,255657217726061	0,218911379092652	HMGB1	1
GO:0045682	regulation of epidermis development	1/23	15/4252	0,0782609669786575	0,255657217726061	0,218911379092652	SRSF6	1
GO:0046330	positive regulation of JNK cascade	1/23	15/4252	0,0782609669786575	0,255657217726061	0,218911379092652	HMGB1	1
GO:0046635	positive regulation of alpha-beta T cell activation	1/23	15/4252	0,0782609669786575	0,255657217726061	0,218911379092652	NKAP	1
GO:0048332	mesoderm morphogenesis	1/23	15/4252	0,0782609669786575	0,255657217726061	0,218911379092652	HMGA2	1
GO:0034655	nucleobase-containing compound catabolic process	3/23	188/4252	0,0786950280072	0,255657217726061	0,218911379092652	THRAP3/RNPS1/MRTO4	3
GO:0051098	regulation of binding	2/23	87/4252	0,0793494634667037	0,255657217726061	0,218911379092652	HMGB1/HMGA2	2
GO:0045321	leukocyte activation	3/23	190/4252	0,0806831649795821	0,255657217726061	0,218911379092652	HMGB1/JMJD6/NKAP	3
GO:0007159	leukocyte cell-cell adhesion	2/23	88/4252	0,0809332562775495	0,255657217726061	0,218911379092652	HMGB1/NKAP	2
GO:0042981	regulation of apoptotic process	5/23	441/4252	0,0822950213510208	0,255657217726061	0,218911379092652	SRSF6/HMGB1/HMGA2/BCLAF1/RNPS1	5
GO:0048872	homeostasis of number of cells	2/23	89/4252	0,082527174366228	0,255657217726061	0,218911379092652	HMGB1/JMJD6	2
GO:0001706	endoderm formation	1/23	16/4252	0,0832645066905979	0,255657217726061	0,218911379092652	HMGA2	1
GO:0032609	interferon-gamma production	1/23	16/4252	0,0832645066905979	0,255657217726061	0,218911379092652	HMGB1	1
GO:0032649	regulation of interferon-gamma production	1/23	16/4252	0,0832645066905979	0,255657217726061	0,218911379092652	HMGB1	1
GO:0035987	endodermal cell differentiation	1/23	16/4252	0,0832645066905979	0,255657217726061	0,218911379092652	HMGA2	1
GO:0039694	viral RNA genome replication	1/23	16/4252	0,0832645066905979	0,255657217726061	0,218911379092652	HMGA2	1
GO:0050868	negative regulation of T cell activation	1/23	16/4252	0,0832645066905979	0,255657217726061	0,218911379092652	HMGB1	1
GO:0060425	lung morphogenesis	1/23	16/4252	0,0832645066905979	0,255657217726061	0,218911379092652	SRSF6	1
GO:0072091	regulation of stem cell proliferation	1/23	16/4252	0,0832645066905979	0,255657217726061	0,218911379092652	HMGA2	1
GO:1901983	regulation of protein acetylation	1/23	16/4252	0,0832645066905979	0,255657217726061	0,218911379092652	DEK	1
GO:0000027	ribosomal large subunit assembly	1/23	17/4252	0,0882420601245251	0,262959617807212	0,225164198734004	MRTO4	1
GO:0002286	T cell activation involved in immune response	1/23	17/4252	0,0882420601245251	0,262959617807212	0,225164198734004	HMGB1	1
GO:0035710	CD4-positive, alpha-beta T cell activation	1/23	17/4252	0,0882420601245251	0,262959617807212	0,225164198734004	HMGB1	1
GO:0045292	mRNA cis splicing, via spliceosome	1/23	17/4252	0,0882420601245251	0,262959617807212	0,225164198734004	SRSF1	1
GO:0060395	SMAD protein signal transduction	1/23	17/4252	0,0882420601245251	0,262959617807212	0,225164198734004	SUB1	1
GO:0062208	positive regulation of pattern recognition receptor signaling pathway	1/23	17/4252	0,0882420601245251	0,262959617807212	0,225164198734004	HMGB1	1
GO:0044270	cellular nitrogen compound catabolic process	3/23	198/4252	0,0888594427146695	0,262959617807212	0,225164198734004	THRAP3/RNPS1/MRTO4	3
GO:0046700	heterocycle catabolic process	3/23	198/4252	0,0888594427146695	0,262959617807212	0,225164198734004	THRAP3/RNPS1/MRTO4	3
GO:0043067	regulation of programmed cell death	5/23	453/4252	0,0901411506909938	0,265550957441036	0,227383082824129	SRSF6/HMGB1/HMGA2/BCLAF1/RNPS1	5
GO:0019439	aromatic compound catabolic process	3/23	202/4252	0,0930788897532643	0,267318932080102	0,228896944900393	THRAP3/RNPS1/MRTO4	3
GO:0002690	positive regulation of leukocyte chemotaxis	1/23	18/4252	0,0931937561380171	0,267318932080102	0,228896944900393	HMGB1	1
GO:0016573	histone acetylation	1/23	18/4252	0,0931937561380171	0,267318932080102	0,228896944900393	DEK	1
GO:0032602	chemokine production	1/23	18/4252	0,0931937561380171	0,267318932080102	0,228896944900393	HMGB1	1
GO:0032642	regulation of chemokine production	1/23	18/4252	0,0931937561380171	0,267318932080102	0,228896944900393	HMGB1	1
GO:0045071	negative regulation of viral genome replication	1/23	18/4252	0,0931937561380171	0,267318932080102	0,228896944900393	HMGA2	1
GO:0042254	ribosome biogenesis	3/23	205/4252	0,0962995105414494	0,270593492345221	0,231700849714562	NOLC1/EBNA1BP2/MRTO4	3
GO:0002709	regulation of T cell mediated immunity	1/23	19/4252	0,0981197229799691	0,270593492345221	0,231700849714562	HMGB1	1
GO:0018393	internal peptidyl-lysine acetylation	1/23	19/4252	0,0981197229799691	0,270593492345221	0,231700849714562	DEK	1
GO:0032612	interleukin-1 production	1/23	19/4252	0,0981197229799691	0,270593492345221	0,231700849714562	HMGB1	1
GO:0032637	interleukin-8 production	1/23	19/4252	0,0981197229799691	0,270593492345221	0,231700849714562	HMGB1	1
GO:0032652	regulation of interleukin-1 production	1/23	19/4252	0,0981197229799691	0,270593492345221	0,231700849714562	HMGB1	1
GO:0032677	regulation of interleukin-8 production	1/23	19/4252	0,0981197229799691	0,270593492345221	0,231700849714562	HMGB1	1
GO:0043536	positive regulation of blood vessel endothelial cell migration	1/23	19/4252	0,0981197229799691	0,270593492345221	0,231700849714562	HMGB1	1
GO:0071677	positive regulation of mononuclear cell migration	1/23	19/4252	0,0981197229799691	0,270593492345221	0,231700849714562	HMGB1	1
GO:1901361	organic cyclic compound catabolic process	3/23	207/4252	0,0984728611286888	0,270593492345221	0,231700849714562	THRAP3/RNPS1/MRTO4	3
GO:0051168	nuclear export	2/23	99/4252	0,0989920451496686	0,270881998024616	0,231947888216797	SRSF3/IWS1	2
GO:0030097	hemopoiesis	3/23	210/4252	0,101771732032839	0,271673942515476	0,232626005823649	HMGB1/JMJD6/NKAP	3
GO:0080135	regulation of cellular response to stress	3/23	210/4252	0,101771732032839	0,271673942515476	0,232626005823649	HMGB1/HMGA2/DEK	3
GO:0022407	regulation of cell-cell adhesion	2/23	101/4252	0,102392543528736	0,271673942515476	0,232626005823649	HMGB1/NKAP	2
GO:0001938	positive regulation of endothelial cell proliferation	1/23	20/4252	0,10302008829333	0,271673942515476	0,232626005823649	HMGB1	1
GO:0006284	base-excision repair	1/23	20/4252	0,10302008829333	0,271673942515476	0,232626005823649	HMGA2	1
GO:0031056	regulation of histone modification	1/23	20/4252	0,10302008829333	0,271673942515476	0,232626005823649	DEK	1
GO:0031100	animal organ regeneration	1/23	20/4252	0,10302008829333	0,271673942515476	0,232626005823649	SRSF1	1
GO:0051123	RNA polymerase II preinitiation complex assembly	1/23	20/4252	0,10302008829333	0,271673942515476	0,232626005823649	HMGB1	1
GO:1903038	negative regulation of leukocyte cell-cell adhesion	1/23	20/4252	0,10302008829333	0,271673942515476	0,232626005823649	HMGB1	1
GO:0051249	regulation of lymphocyte activation	2/23	102/4252	0,104105361654352	0,27343335952589	0,234132540266817	HMGB1/NKAP	2
GO:0006475	internal protein amino acid acetylation	1/23	21/4252	0,107894979117823	0,278906388707732	0,238818926110597	DEK	1
GO:0007492	endoderm development	1/23	21/4252	0,107894979117823	0,278906388707732	0,238818926110597	HMGA2	1
GO:0007498	mesoderm development	1/23	21/4252	0,107894979117823	0,278906388707732	0,238818926110597	HMGA2	1
GO:0019083	viral transcription	1/23	21/4252	0,107894979117823	0,278906388707732	0,238818926110597	HMGA2	1
GO:0006281	DNA repair	3/23	217/4252	0,109646384046942	0,281233260749882	0,240811354770541	HMGB1/HMGA2/DEK	3
GO:0006383	transcription by RNA polymerase III	1/23	22/4252	0,11274452189265	0,281233260749882	0,240811354770541	DEK	1
GO:0030261	chromosome condensation	1/23	22/4252	0,11274452189265	0,281233260749882	0,240811354770541	HMGA2	1
GO:0032635	interleukin-6 production	1/23	22/4252	0,11274452189265	0,281233260749882	0,240811354770541	HMGB1	1
GO:0032675	regulation of interleukin-6 production	1/23	22/4252	0,11274452189265	0,281233260749882	0,240811354770541	HMGB1	1
GO:0032874	positive regulation of stress-activated MAPK cascade	1/23	22/4252	0,11274452189265	0,281233260749882	0,240811354770541	HMGB1	1
GO:0060041	retina development in camera-type eye	1/23	22/4252	0,11274452189265	0,281233260749882	0,240811354770541	JMJD6	1
GO:0070304	positive regulation of stress-activated protein kinase signaling cascade	1/23	22/4252	0,11274452189265	0,281233260749882	0,240811354770541	HMGB1	1
GO:2001244	positive regulation of intrinsic apoptotic signaling pathway	1/23	22/4252	0,11274452189265	0,281233260749882	0,240811354770541	BCLAF1	1
GO:0001775	cell activation	3/23	220/4252	0,113095332686879	0,281233260749882	0,240811354770541	HMGB1/JMJD6/NKAP	3
GO:0000184	nuclear-transcribed mRNA catabolic process, nonsense-mediated decay	1/23	23/4252	0,117568842459191	0,283727022023286	0,242946685524527	RNPS1	1
GO:0002688	regulation of leukocyte chemotaxis	1/23	23/4252	0,117568842459191	0,283727022023286	0,242946685524527	HMGB1	1
GO:0009303	rRNA transcription	1/23	23/4252	0,117568842459191	0,283727022023286	0,242946685524527	TCOF1	1
GO:0032760	positive regulation of tumor necrosis factor production	1/23	23/4252	0,117568842459191	0,283727022023286	0,242946685524527	HMGB1	1
GO:0035196	production of miRNAs involved in gene silencing by miRNA	1/23	23/4252	0,117568842459191	0,283727022023286	0,242946685524527	SRSF3	1
GO:0048709	oligodendrocyte differentiation	1/23	23/4252	0,117568842459191	0,283727022023286	0,242946685524527	SRSF1	1
GO:0051250	negative regulation of lymphocyte activation	1/23	23/4252	0,117568842459191	0,283727022023286	0,242946685524527	HMGB1	1
GO:0060261	positive regulation of transcription initiation from RNA polymerase II promoter	1/23	23/4252	0,117568842459191	0,283727022023286	0,242946685524527	SUB1	1
GO:0030099	myeloid cell differentiation	2/23	111/4252	0,119874707586096	0,287873076279335	0,246496823725425	JMJD6/NKAP	2
GO:0010720	positive regulation of cell development	2/23	112/4252	0,121663898685778	0,287873076279335	0,246496823725425	HMGB1/NKAP	2
GO:0002040	sprouting angiogenesis	1/23	24/4252	0,122368066063693	0,287873076279335	0,246496823725425	JMJD6	1
GO:0042102	positive regulation of T cell proliferation	1/23	24/4252	0,122368066063693	0,287873076279335	0,246496823725425	HMGB1	1
GO:0061515	myeloid cell development	1/23	24/4252	0,122368066063693	0,287873076279335	0,246496823725425	JMJD6	1
GO:1903557	positive regulation of tumor necrosis factor superfamily cytokine production	1/23	24/4252	0,122368066063693	0,287873076279335	0,246496823725425	HMGB1	1
GO:2000036	regulation of stem cell population maintenance	1/23	24/4252	0,122368066063693	0,287873076279335	0,246496823725425	HMGA2	1
GO:0044403	biological process involved in symbiotic interaction	2/23	114/4252	0,125263046413409	0,290738026410493	0,24894999203345	HMGB1/HMGA2	2
GO:0045596	negative regulation of cell differentiation	2/23	114/4252	0,125263046413409	0,290738026410493	0,24894999203345	SRSF6/HMGB1	2
GO:0001776	leukocyte homeostasis	1/23	25/4252	0,12714231735994	0,290738026410493	0,24894999203345	HMGB1	1
GO:0002562	somatic diversification of immune receptors via germline recombination within a single locus	1/23	25/4252	0,12714231735994	0,290738026410493	0,24894999203345	HMGB1	1
GO:0016444	somatic cell DNA recombination	1/23	25/4252	0,12714231735994	0,290738026410493	0,24894999203345	HMGB1	1
GO:0018394	peptidyl-lysine acetylation	1/23	25/4252	0,12714231735994	0,290738026410493	0,24894999203345	DEK	1
GO:0050764	regulation of phagocytosis	1/23	25/4252	0,12714231735994	0,290738026410493	0,24894999203345	HMGB1	1
GO:0051216	cartilage development	1/23	25/4252	0,12714231735994	0,290738026410493	0,24894999203345	HMGA2	1
GO:0035295	tube development	3/23	233/4252	0,128530891579452	0,292889209383142	0,250791983569663	SRSF6/HMGA2/JMJD6	3
GO:0045806	negative regulation of endocytosis	1/23	26/4252	0,131891720411921	0,298467768683033	0,255568731594034	HMGB1	1
GO:1904035	regulation of epithelial cell apoptotic process	1/23	26/4252	0,131891720411921	0,298467768683033	0,255568731594034	SRSF6	1
GO:0002694	regulation of leukocyte activation	2/23	118/4252	0,132541109449111	0,298903053723168	0,255941452729318	HMGB1/NKAP	2
GO:0006259	DNA metabolic process	4/23	370/4252	0,134080857051494	0,300832069856884	0,257593209663387	HMGB1/HMGA2/SUB1/DEK	4
GO:0002456	T cell mediated immunity	1/23	27/4252	0,136616398696475	0,300832069856884	0,257593209663387	HMGB1	1
GO:0045582	positive regulation of T cell differentiation	1/23	27/4252	0,136616398696475	0,300832069856884	0,257593209663387	NKAP	1
GO:0046328	regulation of JNK cascade	1/23	27/4252	0,136616398696475	0,300832069856884	0,257593209663387	HMGB1	1
GO:0048255	mRNA stabilization	1/23	27/4252	0,136616398696475	0,300832069856884	0,257593209663387	THRAP3	1
GO:0050921	positive regulation of chemotaxis	1/23	27/4252	0,136616398696475	0,300832069856884	0,257593209663387	HMGB1	1
GO:0090398	cellular senescence	1/23	27/4252	0,136616398696475	0,300832069856884	0,257593209663387	HMGA2	1
GO:0051129	negative regulation of cellular component organization	3/23	240/4252	0,1371559813683	0,301006751056605	0,257742783779356	HMGB1/SUB1/JMJD6	3
GO:0045785	positive regulation of cell adhesion	2/23	121/4252	0,138065822968675	0,301990127831149	0,258584818937987	HMGB1/NKAP	2
GO:0001936	regulation of endothelial cell proliferation	1/23	28/4252	0,141316475105938	0,304016364208169	0,26031982256357	HMGB1	1
GO:0002695	negative regulation of leukocyte activation	1/23	28/4252	0,141316475105938	0,304016364208169	0,26031982256357	HMGB1	1
GO:0032946	positive regulation of mononuclear cell proliferation	1/23	28/4252	0,141316475105938	0,304016364208169	0,26031982256357	HMGB1	1
GO:0043535	regulation of blood vessel endothelial cell migration	1/23	28/4252	0,141316475105938	0,304016364208169	0,26031982256357	HMGB1	1
GO:0050671	positive regulation of lymphocyte proliferation	1/23	28/4252	0,141316475105938	0,304016364208169	0,26031982256357	HMGB1	1
GO:0010608	post-transcriptional regulation of gene expression	3/23	244/4252	0,142177765538993	0,304866421844268	0,261047700661758	NOLC1/THRAP3/TCOF1	3
GO:0002200	somatic diversification of immune receptors	1/23	29/4252	0,145992071950768	0,309996152778579	0,265440130819578	HMGB1	1
GO:0030856	regulation of epithelial cell differentiation	1/23	29/4252	0,145992071950768	0,309996152778579	0,265440130819578	SRSF6	1
GO:0048525	negative regulation of viral process	1/23	29/4252	0,145992071950768	0,309996152778579	0,265440130819578	HMGA2	1
GO:0050865	regulation of cell activation	2/23	126/4252	0,147390754583005	0,31195324756403	0,267115930635867	HMGB1/NKAP	2
GO:0008037	cell recognition	1/23	30/4252	0,150643310962166	0,31678689829343	0,271254836459206	JMJD6	1
GO:0071675	regulation of mononuclear cell migration	1/23	30/4252	0,150643310962166	0,31678689829343	0,271254836459206	HMGB1	1
GO:0001525	angiogenesis	2/23	128/4252	0,15115916745666	0,316852870245692	0,271311326204262	HMGA2/JMJD6	2
GO:0001704	formation of primary germ layer	1/23	31/4252	0,155270313294679	0,320336860866625	0,274294559763471	HMGA2	1
GO:0002687	positive regulation of leukocyte migration	1/23	31/4252	0,155270313294679	0,320336860866625	0,274294559763471	HMGB1	1
GO:0039531	regulation of viral-induced cytoplasmic pattern recognition receptor signaling pathway	1/23	31/4252	0,155270313294679	0,320336860866625	0,274294559763471	HMGB1	1
GO:0061041	regulation of wound healing	1/23	31/4252	0,155270313294679	0,320336860866625	0,274294559763471	SRSF6	1
GO:1902373	negative regulation of mRNA catabolic process	1/23	31/4252	0,155270313294679	0,320336860866625	0,274294559763471	THRAP3	1
GO:0032640	tumor necrosis factor production	1/23	32/4252	0,1598731995288	0,323706106785867	0,277179540978724	HMGB1	1
GO:0032680	regulation of tumor necrosis factor production	1/23	32/4252	0,1598731995288	0,323706106785867	0,277179540978724	HMGB1	1
GO:0045621	positive regulation of lymphocyte differentiation	1/23	32/4252	0,1598731995288	0,323706106785867	0,277179540978724	NKAP	1
GO:0050866	negative regulation of cell activation	1/23	32/4252	0,1598731995288	0,323706106785867	0,277179540978724	HMGB1	1
GO:0070374	positive regulation of ERK1 and ERK2 cascade	1/23	32/4252	0,1598731995288	0,323706106785867	0,277179540978724	HMGB1	1
GO:0070665	positive regulation of leukocyte proliferation	1/23	32/4252	0,1598731995288	0,323706106785867	0,277179540978724	HMGB1	1
GO:0042752	regulation of circadian rhythm	1/23	33/4252	0,164452089673547	0,328904179347095	0,281630489960815	THRAP3	1
GO:0043489	RNA stabilization	1/23	33/4252	0,164452089673547	0,328904179347095	0,281630489960815	THRAP3	1
GO:0071706	tumor necrosis factor superfamily cytokine production	1/23	33/4252	0,164452089673547	0,328904179347095	0,281630489960815	HMGB1	1
GO:1903555	regulation of tumor necrosis factor superfamily cytokine production	1/23	33/4252	0,164452089673547	0,328904179347095	0,281630489960815	HMGB1	1
GO:0080134	regulation of response to stress	4/23	404/4252	0,168937577509636	0,336845047839335	0,288430010382305	SRSF6/HMGB1/HMGA2/DEK	4
GO:0051276	chromosome organization	3/23	266/4252	0,170910389425265	0,338788318547642	0,290093973068317	HMGB1/HMGA2/SUB1	3
GO:0001935	endothelial cell proliferation	1/23	35/4252	0,173538358889083	0,338788318547642	0,290093973068317	HMGB1	1
GO:0010595	positive regulation of endothelial cell migration	1/23	35/4252	0,173538358889083	0,338788318547642	0,290093973068317	HMGB1	1
GO:0043280	positive regulation of cysteine-type endopeptidase activity involved in apoptotic process	1/23	35/4252	0,173538358889083	0,338788318547642	0,290093973068317	HMGB1	1
GO:0048524	positive regulation of viral process	1/23	35/4252	0,173538358889083	0,338788318547642	0,290093973068317	HMGB1	1
GO:0051851	modulation by host of symbiont process	1/23	35/4252	0,173538358889083	0,338788318547642	0,290093973068317	HMGA2	1
GO:1904019	epithelial cell apoptotic process	1/23	35/4252	0,173538358889083	0,338788318547642	0,290093973068317	SRSF6	1
GO:0009790	embryo development	3/23	271/4252	0,177681235361323	0,341472339425082	0,292392217244719	NOLC1/HMGA2/TCOF1	3
GO:0022408	negative regulation of cell-cell adhesion	1/23	36/4252	0,178045975143659	0,341472339425082	0,292392217244719	HMGB1	1
GO:0043534	blood vessel endothelial cell migration	1/23	36/4252	0,178045975143659	0,341472339425082	0,292392217244719	HMGB1	1
GO:0045766	positive regulation of angiogenesis	1/23	36/4252	0,178045975143659	0,341472339425082	0,292392217244719	HMGA2	1
GO:0070918	primary sncRNA processing	1/23	36/4252	0,178045975143659	0,341472339425082	0,292392217244719	SRSF3	1
GO:1904018	positive regulation of vasculature development	1/23	36/4252	0,178045975143659	0,341472339425082	0,292392217244719	HMGA2	1
GO:0048514	blood vessel morphogenesis	2/23	144/4252	0,181983629460649	0,343030648194614	0,293726548912819	HMGA2/JMJD6	2
GO:0002822	regulation of adaptive immune response based on somatic recombination of immune receptors built from immunoglobulin superfamily domains	1/23	37/4252	0,182530069681538	0,343030648194614	0,293726548912819	HMGB1	1
GO:0007254	JNK cascade	1/23	37/4252	0,182530069681538	0,343030648194614	0,293726548912819	HMGB1	1
GO:0042129	regulation of T cell proliferation	1/23	37/4252	0,182530069681538	0,343030648194614	0,293726548912819	HMGB1	1
GO:0045069	regulation of viral genome replication	1/23	37/4252	0,182530069681538	0,343030648194614	0,293726548912819	HMGA2	1
GO:0051100	negative regulation of binding	1/23	37/4252	0,182530069681538	0,343030648194614	0,293726548912819	HMGA2	1
GO:0071902	positive regulation of protein serine/threonine kinase activity	1/23	37/4252	0,182530069681538	0,343030648194614	0,293726548912819	HMGA2	1
GO:0030216	keratinocyte differentiation	1/23	38/4252	0,186990759692765	0,34841013344464	0,298332835977062	SRSF6	1
GO:0030595	leukocyte chemotaxis	1/23	38/4252	0,186990759692765	0,34841013344464	0,298332835977062	HMGB1	1
GO:0062207	regulation of pattern recognition receptor signaling pathway	1/23	38/4252	0,186990759692765	0,34841013344464	0,298332835977062	HMGB1	1
GO:0002706	regulation of lymphocyte mediated immunity	1/23	39/4252	0,191428161811196	0,35068352331799	0,300279469507759	HMGB1	1
GO:0002819	regulation of adaptive immune response	1/23	39/4252	0,191428161811196	0,35068352331799	0,300279469507759	HMGB1	1
GO:0006473	protein acetylation	1/23	39/4252	0,191428161811196	0,35068352331799	0,300279469507759	DEK	1
GO:0045444	fat cell differentiation	1/23	39/4252	0,191428161811196	0,35068352331799	0,300279469507759	HMGA2	1
GO:1902369	negative regulation of RNA catabolic process	1/23	39/4252	0,191428161811196	0,35068352331799	0,300279469507759	THRAP3	1
GO:2001056	positive regulation of cysteine-type endopeptidase activity	1/23	39/4252	0,191428161811196	0,35068352331799	0,300279469507759	HMGB1	1
GO:0050920	regulation of chemotaxis	1/23	40/4252	0,195842392116998	0,356771377282776	0,305492310823172	HMGB1	1
GO:0051702	biological process involved in interaction with symbiont	1/23	40/4252	0,195842392116998	0,356771377282776	0,305492310823172	HMGA2	1
GO:0008284	positive regulation of cell population proliferation	3/23	287/4252	0,199871280373801	0,358774663712341	0,307207663117601	SRSF6/HMGB1/HMGA2	3
GO:0007219	Notch signaling pathway	1/23	41/4252	0,200233566139151	0,358774663712341	0,307207663117601	NKAP	1
GO:0061448	connective tissue development	1/23	41/4252	0,200233566139151	0,358774663712341	0,307207663117601	HMGA2	1
GO:0071674	mononuclear cell migration	1/23	41/4252	0,200233566139151	0,358774663712341	0,307207663117601	HMGB1	1
GO:0098781	ncRNA transcription	1/23	41/4252	0,200233566139151	0,358774663712341	0,307207663117601	TCOF1	1
GO:1903034	regulation of response to wounding	1/23	41/4252	0,200233566139151	0,358774663712341	0,307207663117601	SRSF6	1
GO:0002285	lymphocyte activation involved in immune response	1/23	42/4252	0,204601798857935	0,364603750553377	0,312198930137448	HMGB1	1
GO:0032508	DNA duplex unwinding	1/23	42/4252	0,204601798857935	0,364603750553377	0,312198930137448	SUB1	1
GO:0051094	positive regulation of developmental process	3/23	292/4252	0,20695499344323	0,365378267055194	0,312862124695579	HMGB1/HMGA2/NKAP	3
GO:0043254	regulation of protein-containing complex assembly	2/23	157/4252	0,207729307991817	0,365378267055194	0,312862124695579	HMGB1/JMJD6	2
GO:0009888	tissue development	4/23	439/4252	0,208053909883262	0,365378267055194	0,312862124695579	SRSF6/NOLC1/HMGA2/TCOF1	4
GO:0010721	negative regulation of cell development	1/23	43/4252	0,208947204707405	0,365378267055194	0,312862124695579	HMGB1	1
GO:0032944	regulation of mononuclear cell proliferation	1/23	43/4252	0,208947204707405	0,365378267055194	0,312862124695579	HMGB1	1
GO:0042255	ribosome assembly	1/23	43/4252	0,208947204707405	0,365378267055194	0,312862124695579	MRTO4	1
GO:0050670	regulation of lymphocyte proliferation	1/23	43/4252	0,208947204707405	0,365378267055194	0,312862124695579	HMGB1	1
GO:0016570	histone modification	1/23	44/4252	0,213269897577856	0,368017184738569	0,315121748399998	DEK	1
GO:0030218	erythrocyte differentiation	1/23	44/4252	0,213269897577856	0,368017184738569	0,315121748399998	JMJD6	1
GO:0032872	regulation of stress-activated MAPK cascade	1/23	44/4252	0,213269897577856	0,368017184738569	0,315121748399998	HMGB1	1
GO:0097529	myeloid leukocyte migration	1/23	44/4252	0,213269897577856	0,368017184738569	0,315121748399998	HMGB1	1
GO:2001251	negative regulation of chromosome organization	1/23	44/4252	0,213269897577856	0,368017184738569	0,315121748399998	SUB1	1
GO:0019080	viral gene expression	1/23	45/4252	0,217569990818281	0,371830368337233	0,318386859738303	HMGA2	1
GO:0051099	positive regulation of binding	1/23	45/4252	0,217569990818281	0,371830368337233	0,318386859738303	HMGB1	1
GO:0070302	regulation of stress-activated protein kinase signaling cascade	1/23	45/4252	0,217569990818281	0,371830368337233	0,318386859738303	HMGB1	1
GO:0001568	blood vessel development	2/23	162/4252	0,217753870142447	0,371830368337233	0,318386859738303	HMGA2/JMJD6	2
GO:0001889	liver development	1/23	46/4252	0,221847597238814	0,376852801543335	0,322687414165547	SRSF1	1
GO:0061008	hepaticobiliary system development	1/23	46/4252	0,221847597238814	0,376852801543335	0,322687414165547	SRSF1	1
GO:0010594	regulation of endothelial cell migration	1/23	47/4252	0,226102829113161	0,380131748688966	0,325495075330001	HMGB1	1
GO:0010950	positive regulation of endopeptidase activity	1/23	47/4252	0,226102829113161	0,380131748688966	0,325495075330001	HMGB1	1
GO:0043010	camera-type eye development	1/23	47/4252	0,226102829113161	0,380131748688966	0,325495075330001	JMJD6	1
GO:0045739	positive regulation of DNA repair	1/23	47/4252	0,226102829113161	0,380131748688966	0,325495075330001	HMGB1	1
GO:0051093	negative regulation of developmental process	2/23	167/4252	0,22783095451201	0,382054985258602	0,327141883401861	SRSF6/HMGB1	2
GO:0071219	cellular response to molecule of bacterial origin	1/23	48/4252	0,230335798181032	0,38330690078981	0,328213860003507	HMGB1	1
GO:0071222	cellular response to lipopolysaccharide	1/23	48/4252	0,230335798181032	0,38330690078981	0,328213860003507	HMGB1	1
GO:2001235	positive regulation of apoptotic signaling pathway	1/23	48/4252	0,230335798181032	0,38330690078981	0,328213860003507	BCLAF1	1
GO:0043009	chordate embryonic development	2/23	169/4252	0,231874360638118	0,384444828660294	0,329188232491995	NOLC1/TCOF1	2
GO:0006913	nucleocytoplasmic transport	2/23	170/4252	0,233898461942826	0,384444828660294	0,329188232491995	SRSF3/IWS1	2
GO:0051169	nuclear transport	2/23	170/4252	0,233898461942826	0,384444828660294	0,329188232491995	SRSF3/IWS1	2
GO:0031099	regeneration	1/23	49/4252	0,234546615650546	0,384444828660294	0,329188232491995	SRSF1	1
GO:0042098	T cell proliferation	1/23	49/4252	0,234546615650546	0,384444828660294	0,329188232491995	HMGB1	1
GO:0070663	regulation of leukocyte proliferation	1/23	49/4252	0,234546615650546	0,384444828660294	0,329188232491995	HMGB1	1
GO:0002753	cytoplasmic pattern recognition receptor signaling pathway	1/23	50/4252	0,238735392200638	0,388390414177158	0,332566715503377	HMGB1	1
GO:0034101	erythrocyte homeostasis	1/23	50/4252	0,238735392200638	0,388390414177158	0,332566715503377	JMJD6	1
GO:0043543	protein acylation	1/23	50/4252	0,238735392200638	0,388390414177158	0,332566715503377	DEK	1
GO:0001944	vasculature development	2/23	173/4252	0,239979493644256	0,389445629884226	0,33347026412105	HMGA2/JMJD6	2
GO:0009792	embryo development ending in birth or egg hatching	2/23	174/4252	0,242009177030447	0,390314652681027	0,334214381500574	NOLC1/TCOF1	2
GO:0002573	myeloid leukocyte differentiation	1/23	51/4252	0,242902237983453	0,390314652681027	0,334214381500574	NKAP	1
GO:0002685	regulation of leukocyte migration	1/23	51/4252	0,242902237983453	0,390314652681027	0,334214381500574	HMGB1	1
GO:0007369	gastrulation	1/23	51/4252	0,242902237983453	0,390314652681027	0,334214381500574	HMGA2	1
GO:0140694	non-membrane-bounded organelle assembly	2/23	176/4252	0,246072134338852	0,391208013941592	0,33497933915488	JMJD6/MRTO4	2
GO:0009913	epidermal cell differentiation	1/23	52/4252	0,247047262626724	0,391208013941592	0,33497933915488	SRSF6	1
GO:0010508	positive regulation of autophagy	1/23	52/4252	0,247047262626724	0,391208013941592	0,33497933915488	HMGB1	1
GO:0046718	viral entry into host cell	1/23	52/4252	0,247047262626724	0,391208013941592	0,33497933915488	HMGB1	1
GO:0046822	regulation of nucleocytoplasmic transport	1/23	52/4252	0,247047262626724	0,391208013941592	0,33497933915488	IWS1	1
GO:0051260	protein homooligomerization	1/23	52/4252	0,247047262626724	0,391208013941592	0,33497933915488	JMJD6	1
GO:0010634	positive regulation of epithelial cell migration	1/23	53/4252	0,251170575236149	0,394869125491445	0,338114235894815	HMGB1	1
GO:0010952	positive regulation of peptidase activity	1/23	53/4252	0,251170575236149	0,394869125491445	0,338114235894815	HMGB1	1
GO:0060326	cell chemotaxis	1/23	53/4252	0,251170575236149	0,394869125491445	0,338114235894815	HMGB1	1
GO:0001654	eye development	1/23	54/4252	0,255272284397751	0,39561154975386	0,338749950859575	JMJD6	1
GO:0002703	regulation of leukocyte mediated immunity	1/23	54/4252	0,255272284397751	0,39561154975386	0,338749950859575	HMGB1	1
GO:0007623	circadian rhythm	1/23	54/4252	0,255272284397751	0,39561154975386	0,338749950859575	THRAP3	1
GO:0048880	sensory system development	1/23	54/4252	0,255272284397751	0,39561154975386	0,338749950859575	JMJD6	1
GO:0070372	regulation of ERK1 and ERK2 cascade	1/23	54/4252	0,255272284397751	0,39561154975386	0,338749950859575	HMGB1	1
GO:0150063	visual system development	1/23	54/4252	0,255272284397751	0,39561154975386	0,338749950859575	JMJD6	1
GO:0001818	negative regulation of cytokine production	1/23	56/4252	0,263411324137309	0,402136002045975	0,344336637837532	HMGB1	1
GO:0001822	kidney development	1/23	56/4252	0,263411324137309	0,402136002045975	0,344336637837532	JMJD6	1
GO:0043281	regulation of cysteine-type endopeptidase activity involved in apoptotic process	1/23	56/4252	0,263411324137309	0,402136002045975	0,344336637837532	HMGB1	1
GO:0044409	entry into host	1/23	56/4252	0,263411324137309	0,402136002045975	0,344336637837532	HMGB1	1
GO:0072001	renal system development	1/23	56/4252	0,263411324137309	0,402136002045975	0,344336637837532	JMJD6	1
GO:0045595	regulation of cell differentiation	3/23	331/4252	0,264123815068113	0,402136002045975	0,344336637837532	SRSF6/HMGB1/NKAP	3
GO:0060284	regulation of cell development	2/23	185/4252	0,264401346910962	0,402136002045975	0,344336637837532	HMGB1/NKAP	2
GO:0098609	cell-cell adhesion	2/23	185/4252	0,264401346910962	0,402136002045975	0,344336637837532	HMGB1/NKAP	2
GO:0051403	stress-activated MAPK cascade	1/23	57/4252	0,267448869310054	0,404887871594388	0,346692978735256	HMGB1	1
GO:0071216	cellular response to biotic stimulus	1/23	57/4252	0,267448869310054	0,404887871594388	0,346692978735256	HMGB1	1
GO:0045597	positive regulation of cell differentiation	2/23	188/4252	0,270522315689432	0,408133947379093	0,349472493168642	HMGB1/NKAP	2
GO:0002449	lymphocyte mediated immunity	1/23	58/4252	0,271465240229213	0,408133947379093	0,349472493168642	HMGB1	1
GO:0002520	immune system development	1/23	58/4252	0,271465240229213	0,408133947379093	0,349472493168642	HMGB1	1
GO:0035239	tube morphogenesis	2/23	189/4252	0,272563343006634	0,40884501450995	0,350081357990172	HMGA2/JMJD6	2
GO:0002460	adaptive immune response based on somatic recombination of immune receptors built from immunoglobulin superfamily domains	1/23	59/4252	0,275460542917513	0,409434534245575	0,35058614553138	HMGB1	1
GO:0010001	glial cell differentiation	1/23	59/4252	0,275460542917513	0,409434534245575	0,35058614553138	SRSF1	1
GO:0031098	stress-activated protein kinase signaling cascade	1/23	59/4252	0,275460542917513	0,409434534245575	0,35058614553138	HMGB1	1
GO:0046651	lymphocyte proliferation	1/23	59/4252	0,275460542917513	0,409434534245575	0,35058614553138	HMGB1	1
GO:0048871	multicellular organismal homeostasis	2/23	191/4252	0,276646091426085	0,410264271638684	0,351296624033124	HMGB1/JMJD6	2
GO:0051240	positive regulation of multicellular organismal process	3/23	341/4252	0,279199350531562	0,410675086317636	0,351648391953939	HMGB1/HMGA2/NKAP	3
GO:0006368	transcription elongation from RNA polymerase II promoter	1/23	60/4252	0,279434882891969	0,410675086317636	0,351648391953939	IWS1	1
GO:0032943	mononuclear cell proliferation	1/23	60/4252	0,279434882891969	0,410675086317636	0,351648391953939	HMGB1	1
GO:0070371	ERK1 and ERK2 cascade	1/23	60/4252	0,279434882891969	0,410675086317636	0,351648391953939	HMGB1	1
GO:0030155	regulation of cell adhesion	2/23	193/4252	0,280729369582672	0,410731560865923	0,351696749365316	HMGB1/NKAP	2
GO:0071345	cellular response to cytokine stimulus	2/23	193/4252	0,280729369582672	0,410731560865923	0,351696749365316	SRSF3/BCLAF1	2
GO:0002366	leukocyte activation involved in immune response	1/23	61/4252	0,283388365166178	0,412775035230914	0,353446513347572	HMGB1	1
GO:0043542	endothelial cell migration	1/23	61/4252	0,283388365166178	0,412775035230914	0,353446513347572	HMGB1	1
GO:0031047	gene silencing by RNA	1/23	62/4252	0,287321094252596	0,417573323647107	0,357555139514342	SRSF3	1
GO:0051241	negative regulation of multicellular organismal process	2/23	198/4252	0,290936844936133	0,421386052884487	0,360819861797114	SRSF6/HMGB1	2
GO:0007162	negative regulation of cell adhesion	1/23	63/4252	0,291233174164814	0,421386052884487	0,360819861797114	HMGB1	1
GO:0006417	regulation of translation	2/23	199/4252	0,292977765010457	0,422974521670727	0,362180018555974	NOLC1/TCOF1	2
GO:0002263	cell activation involved in immune response	1/23	64/4252	0,295124708419817	0,424201229245188	0,363230410362852	HMGB1	1
GO:0032496	response to lipopolysaccharide	1/23	64/4252	0,295124708419817	0,424201229245188	0,363230410362852	HMGB1	1
GO:0002221	pattern recognition receptor signaling pathway	1/23	65/4252	0,298995800040243	0,426020159534464	0,364787904188532	HMGB1	1
GO:0045765	regulation of angiogenesis	1/23	65/4252	0,298995800040243	0,426020159534464	0,364787904188532	HMGA2	1
GO:1901875	positive regulation of post-translational protein modification	1/23	65/4252	0,298995800040243	0,426020159534464	0,364787904188532	DEK	1
GO:2000116	regulation of cysteine-type endopeptidase activity	1/23	65/4252	0,298995800040243	0,426020159534464	0,364787904188532	HMGB1	1
GO:0002237	response to molecule of bacterial origin	1/23	66/4252	0,302846551556621	0,429634804160586	0,367883012736893	HMGB1	1
GO:1901342	regulation of vasculature development	1/23	66/4252	0,302846551556621	0,429634804160586	0,367883012736893	HMGA2	1
GO:0002758	innate immune response-activating signal transduction	1/23	68/4252	0,310487441952206	0,437626696199877	0,374726223045766	HMGB1	1
GO:0030336	negative regulation of cell migration	1/23	68/4252	0,310487441952206	0,437626696199877	0,374726223045766	HMGB1	1
GO:0043588	skin development	1/23	68/4252	0,310487441952206	0,437626696199877	0,374726223045766	SRSF6	1
GO:0044000	movement in host	1/23	70/4252	0,318048190093302	0,446359477083733	0,382203833588517	HMGB1	1
GO:0070661	leukocyte proliferation	1/23	70/4252	0,318048190093302	0,446359477083733	0,382203833588517	HMGB1	1
GO:0031401	positive regulation of protein modification process	2/23	212/4252	0,319461410781336	0,447382789402557	0,383080064320232	HMGA2/DEK	2
GO:0010632	regulation of epithelial cell migration	1/23	71/4252	0,321798761979446	0,44873430774959	0,384237327736652	HMGB1	1
GO:0071900	regulation of protein serine/threonine kinase activity	1/23	71/4252	0,321798761979446	0,44873430774959	0,384237327736652	HMGA2	1
GO:0045860	positive regulation of protein kinase activity	1/23	72/4252	0,32552959873488	0,452970973558748	0,387865053811772	HMGA2	1
GO:0034097	response to cytokine	2/23	216/4252	0,327581865179156	0,45426895121906	0,388976471991856	SRSF3/BCLAF1	2
GO:0002250	adaptive immune response	1/23	73/4252	0,329240799507392	0,45426895121906	0,388976471991856	HMGB1	1
GO:0032868	response to insulin	1/23	73/4252	0,329240799507392	0,45426895121906	0,388976471991856	SRSF6	1
GO:2000146	negative regulation of cell motility	1/23	73/4252	0,329240799507392	0,45426895121906	0,388976471991856	HMGB1	1
GO:0006354	DNA-templated transcription, elongation	1/23	74/4252	0,332932462970261	0,457432417610401	0,391685250553248	IWS1	1
GO:0051259	protein complex oligomerization	1/23	74/4252	0,332932462970261	0,457432417610401	0,391685250553248	JMJD6	1
GO:0006997	nucleus organization	1/23	75/4252	0,336604687324422	0,461508313438515	0,395175314259279	NOLC1	1
GO:0034248	regulation of cellular amide metabolic process	2/23	222/4252	0,33972660201485	0,463600939534581	0,396967165350712	NOLC1/TCOF1	2
GO:0040013	negative regulation of locomotion	1/23	76/4252	0,34025757030061	0,463600939534581	0,396967165350712	HMGB1	1
GO:2001242	regulation of intrinsic apoptotic signaling pathway	1/23	76/4252	0,34025757030061	0,463600939534581	0,396967165350712	BCLAF1	1
GO:0048511	rhythmic process	1/23	77/4252	0,343891209161503	0,467577652373436	0,400372301726489	THRAP3	1
GO:0008544	epidermis development	1/23	78/4252	0,347505700703846	0,470535669276016	0,402905160236344	SRSF6	1
GO:0031330	negative regulation of cellular catabolic process	1/23	78/4252	0,347505700703846	0,470535669276016	0,402905160236344	THRAP3	1
GO:0002443	leukocyte mediated immunity	1/23	79/4252	0,351101141260581	0,473443600792619	0,405395132177166	HMGB1	1
GO:0051701	biological process involved in interaction with host	1/23	79/4252	0,351101141260581	0,473443600792619	0,405395132177166	HMGB1	1
GO:0050900	leukocyte migration	1/23	80/4252	0,354677626702951	0,477282238402736	0,408682038999285	HMGB1	1
GO:0006897	endocytosis	2/23	230/4252	0,355837794324735	0,477860200181471	0,409176929818997	HMGB1/JMJD6	2
GO:0006935	chemotaxis	1/23	81/4252	0,358235252442603	0,478134398158087	0,409411717077261	HMGB1	1
GO:0042330	taxis	1/23	81/4252	0,358235252442603	0,478134398158087	0,409411717077261	HMGB1	1
GO:0043488	regulation of mRNA stability	1/23	81/4252	0,358235252442603	0,478134398158087	0,409411717077261	THRAP3	1
GO:0051247	positive regulation of protein metabolic process	3/23	394/4252	0,360386673503432	0,48002624128563	0,411031643914301	HMGB1/HMGA2/DEK	3
GO:0052548	regulation of endopeptidase activity	1/23	82/4252	0,361774113433689	0,48089485810088	0,411775413664362	HMGB1	1
GO:0002697	regulation of immune effector process	1/23	83/4252	0,365294304174942	0,483608248846988	0,414098806352161	HMGB1	1
GO:0009451	RNA modification	1/23	83/4252	0,365294304174942	0,483608248846988	0,414098806352161	JMJD6	1
GO:0002218	activation of innate immune response	1/23	84/4252	0,368795918711756	0,487257638055532	0,4172236656133	HMGB1	1
GO:0007178	transmembrane receptor protein serine/threonine kinase signaling pathway	1/23	85/4252	0,372279050638251	0,488896584573124	0,418627044894418	SUB1	1
GO:0007423	sensory organ development	1/23	85/4252	0,372279050638251	0,488896584573124	0,418627044894418	JMJD6	1
GO:0033674	positive regulation of kinase activity	1/23	85/4252	0,372279050638251	0,488896584573124	0,418627044894418	HMGA2	1
GO:0042063	gliogenesis	1/23	87/4252	0,379190238792733	0,495980832340895	0,424693067447861	SRSF1	1
GO:0061013	regulation of mRNA catabolic process	1/23	87/4252	0,379190238792733	0,495980832340895	0,424693067447861	THRAP3	1
GO:0043487	regulation of RNA stability	1/23	88/4252	0,382618479971069	0,499466039722713	0,427677342881833	THRAP3	1
GO:0043410	positive regulation of MAPK cascade	1/23	90/4252	0,38942071557952	0,507332964121526	0,434413547260023	HMGB1	1
GO:0002684	positive regulation of immune system process	2/23	248/4252	0,391647198848243	0,509219220768889	0,436028690566633	HMGB1/NKAP	2
GO:0018193	peptidyl-amino acid modification	2/23	249/4252	0,393615625226504	0,510763132734392	0,437350694696115	DEK/JMJD6	2
GO:0010631	epithelial cell migration	1/23	92/4252	0,396151229119985	0,511011644663649	0,437563487785388	HMGB1	1
GO:0052547	regulation of peptidase activity	1/23	92/4252	0,396151229119985	0,511011644663649	0,437563487785388	HMGB1	1
GO:0090132	epithelium migration	1/23	92/4252	0,396151229119985	0,511011644663649	0,437563487785388	HMGB1	1
GO:0090130	tissue migration	1/23	93/4252	0,399489816074369	0,514303818331964	0,440382474412691	HMGB1	1
GO:1902533	positive regulation of intracellular signal transduction	2/23	255/4252	0,405374053147792	0,520853891470837	0,44599109973038	HMGB1/BCLAF1	2
GO:0031329	regulation of cellular catabolic process	2/23	257/4252	0,409272944391565	0,523967870073635	0,448657503426966	HMGB1/THRAP3	2
GO:0030100	regulation of endocytosis	1/23	96/4252	0,409399971877106	0,523967870073635	0,448657503426966	HMGB1	1
GO:0043085	positive regulation of catalytic activity	2/23	258/4252	0,411218398461414	0,525267251159697	0,449770123317172	HMGB1/HMGA2	2
GO:0045089	positive regulation of innate immune response	1/23	97/4252	0,412668451339769	0,526091943813273	0,45047628216427	HMGB1	1
GO:0001819	positive regulation of cytokine production	1/23	98/4252	0,415919624773989	0,529205125685193	0,453142003644813	HMGB1	1
GO:0098657	import into cell	2/23	261/4252	0,417038455631983	0,529598349482169	0,453478709036719	HMGB1/JMJD6	2
GO:0072359	circulatory system development	2/23	262/4252	0,418972947612146	0,531023852206092	0,454699322989926	HMGA2/JMJD6	2
GO:0006310	DNA recombination	1/23	100/4252	0,422370403089168	0,534294475087652	0,457499856344167	HMGB1	1
GO:0002833	positive regulation of response to biotic stimulus	1/23	101/4252	0,425570181684772	0,537302893478458	0,460075872091646	HMGB1	1
GO:0002683	negative regulation of immune system process	1/23	103/4252	0,43191894890465	0,543221139583926	0,465143483435777	HMGB1	1
GO:0048732	gland development	1/23	103/4252	0,43191894890465	0,543221139583926	0,465143483435777	SRSF1	1
GO:0030522	intracellular receptor signaling pathway	1/23	107/4252	0,444415711828781	0,557865404099852	0,477682914825562	HMGB1	1
GO:0051051	negative regulation of transport	1/23	108/4252	0,447498567951324	0,559762735732945	0,479307541300381	HMGB1	1
GO:0043066	negative regulation of apoptotic process	2/23	277/4252	0,447639007321606	0,559762735732945	0,479307541300381	SRSF6/HMGA2	2
GO:0009617	response to bacterium	1/23	112/4252	0,459667154883184	0,573706716209165	0,491247341096532	HMGB1	1
GO:0002757	immune response-activating signal transduction	1/23	113/4252	0,462669004022722	0,576353387868305	0,493513604290903	HMGB1	1
GO:0002764	immune response-regulating signaling pathway	1/23	115/4252	0,468624916147572	0,581910864171169	0,498272299596108	HMGB1	1
GO:0043069	negative regulation of programmed cell death	2/23	289/4252	0,470062192066838	0,581910864171169	0,498272299596108	SRSF6/HMGA2	2
GO:0009615	response to virus	1/23	116/4252	0,471579140689174	0,581910864171169	0,498272299596108	HMGA2	1
GO:0045862	positive regulation of proteolysis	1/23	116/4252	0,471579140689174	0,581910864171169	0,498272299596108	HMGB1	1
GO:0051347	positive regulation of transferase activity	1/23	116/4252	0,471579140689174	0,581910864171169	0,498272299596108	HMGA2	1
GO:0051054	positive regulation of DNA metabolic process	1/23	117/4252	0,474517651270448	0,584434169361342	0,500432927893504	HMGB1	1
GO:0048729	tissue morphogenesis	1/23	118/4252	0,477440527696271	0,586928769010078	0,502568976522391	HMGA2	1
GO:0042060	wound healing	1/23	119/4252	0,480347849385431	0,58719157663191	0,502794010571666	SRSF6	1
GO:0043434	response to peptide hormone	1/23	119/4252	0,480347849385431	0,58719157663191	0,502794010571666	SRSF6	1
GO:0097193	intrinsic apoptotic signaling pathway	1/23	119/4252	0,480347849385431	0,58719157663191	0,502794010571666	BCLAF1	1
GO:0033044	regulation of chromosome organization	1/23	120/4252	0,483239695372398	0,589624553681993	0,504877293672654	SUB1	1
GO:0031349	positive regulation of defense response	1/23	121/4252	0,486116144309095	0,590929290665703	0,50599449965259	HMGB1	1
GO:0048598	embryonic morphogenesis	1/23	121/4252	0,486116144309095	0,590929290665703	0,50599449965259	HMGA2	1
GO:0009895	negative regulation of catabolic process	1/23	123/4252	0,491823163737182	0,59675760497981	0,510985105181488	THRAP3	1
GO:1901873	regulation of post-translational protein modification	1/23	124/4252	0,494653889635474	0,599080821891852	0,512974404066417	DEK	1
GO:0001667	ameboidal-type cell migration	1/23	126/4252	0,500270159498522	0,604762817582317	0,517839721477213	HMGB1	1
GO:0031331	positive regulation of cellular catabolic process	1/23	128/4252	0,505826696694184	0,609227734139957	0,521662891618312	HMGB1	1
GO:0045088	regulation of innate immune response	1/23	128/4252	0,505826696694184	0,609227734139957	0,521662891618312	HMGB1	1
GO:0071310	cellular response to organic substance	3/23	492/4252	0,507312120706737	0,609893615702585	0,522233065433406	SRSF3/HMGB1/BCLAF1	3
GO:0044087	regulation of cellular component biogenesis	2/23	311/4252	0,50987461613984	0,611849539367807	0,523907862455615	HMGB1/JMJD6	2
GO:0002252	immune effector process	1/23	131/4252	0,514050829311877	0,614605561919502	0,526267759441776	HMGB1	1
GO:0051345	positive regulation of hydrolase activity	1/23	131/4252	0,514050829311877	0,614605561919502	0,526267759441776	HMGB1	1
GO:0007507	heart development	1/23	132/4252	0,516762994059712	0,615117718163411	0,526706303014541	JMJD6	1
GO:0007155	cell adhesion	2/23	315/4252	0,51692238504	0,615117718163411	0,526706303014541	HMGB1/NKAP	2
GO:0042127	regulation of cell population proliferation	3/23	499/4252	0,517300833317853	0,615117718163411	0,526706303014541	SRSF6/HMGB1/HMGA2	3
GO:0002253	activation of immune response	1/23	134/4252	0,522143950092171	0,618627071304855	0,529711253716695	HMGB1	1
GO:0010506	regulation of autophagy	1/23	134/4252	0,522143950092171	0,618627071304855	0,529711253716695	HMGB1	1
GO:0001934	positive regulation of protein phosphorylation	1/23	137/4252	0,530108052655955	0,624667867454044	0,53488380087808	HMGA2	1
GO:0032386	regulation of intracellular transport	1/23	137/4252	0,530108052655955	0,624667867454044	0,53488380087808	IWS1	1
GO:1901652	response to peptide	1/23	137/4252	0,530108052655955	0,624667867454044	0,53488380087808	SRSF6	1
GO:2001233	regulation of apoptotic signaling pathway	1/23	138/4252	0,53273442320004	0,626633656066235	0,536567044949681	BCLAF1	1
GO:0043408	regulation of MAPK cascade	1/23	139/4252	0,535346748981859	0,628575895572954	0,538230124649624	HMGB1	1
GO:0045859	regulation of protein kinase activity	1/23	140/4252	0,537945101710625	0,630494796628582	0,539873220354749	HMGA2	1
GO:0070925	organelle assembly	2/23	328/4252	0,539403559392321	0,631073216176347	0,540368503147942	JMJD6/MRTO4	2
GO:0010639	negative regulation of organelle organization	1/23	141/4252	0,540529552746777	0,6312612991007	0,540529552746777	SUB1	1
GO:0002831	regulation of response to biotic stimulus	1/23	145/4252	0,550729755056724	0,64088480392722	0,548769862689974	HMGB1	1
GO:0071396	cellular response to lipid	1/23	145/4252	0,550729755056724	0,64088480392722	0,548769862689974	HMGB1	1
GO:0043207	response to external biotic stimulus	2/23	340/4252	0,559565164233872	0,647891165707775	0,554769193878217	HMGB1/HMGA2	2
GO:0051707	response to other organism	2/23	340/4252	0,559565164233872	0,647891165707775	0,554769193878217	HMGB1/HMGA2	2
GO:0009611	response to wounding	1/23	149/4252	0,560713149526912	0,647891165707775	0,554769193878217	SRSF6	1
GO:0030335	positive regulation of cell migration	1/23	149/4252	0,560713149526912	0,647891165707775	0,554769193878217	HMGB1	1
GO:0032103	positive regulation of response to external stimulus	1/23	150/4252	0,563175639792786	0,649588833200145	0,556222854116332	HMGB1	1
GO:0002682	regulation of immune system process	2/23	344/4252	0,56615718438518	0,650633866802756	0,557117684112452	HMGB1/NKAP	2
GO:0006954	inflammatory response	1/23	152/4252	0,568061067193232	0,650633866802756	0,557117684112452	HMGB1	1
GO:0042327	positive regulation of phosphorylation	1/23	152/4252	0,568061067193232	0,650633866802756	0,557117684112452	HMGA2	1
GO:2000147	positive regulation of cell motility	1/23	152/4252	0,568061067193232	0,650633866802756	0,557117684112452	HMGB1	1
GO:0040017	positive regulation of locomotion	1/23	154/4252	0,57289420629536	0,655022396708331	0,56087544672273	HMGB1	1
GO:0009607	response to biotic stimulus	2/23	350/4252	0,575923249846752	0,657043194572472	0,562605793517713	HMGB1/HMGA2	2
GO:0044093	positive regulation of molecular function	2/23	351/4252	0,577536624818818	0,657043194572472	0,562605793517713	HMGB1/HMGA2	2
GO:0043549	regulation of kinase activity	1/23	156/4252	0,577675591558366	0,657043194572472	0,562605793517713	HMGA2	1
GO:0009887	animal organ morphogenesis	1/23	158/4252	0,582405752236134	0,661273197851443	0,566227814674019	SRSF6	1
GO:0001817	regulation of cytokine production	1/23	161/4252	0,589406092218726	0,668061671249648	0,572040574770341	HMGB1	1
GO:0001816	cytokine production	1/23	162/4252	0,59171449111361	0,668361445921072	0,572297262562386	HMGB1	1
GO:0030855	epithelial cell differentiation	1/23	162/4252	0,59171449111361	0,668361445921072	0,572297262562386	SRSF6	1
GO:0000165	MAPK cascade	1/23	165/4252	0,598565441670498	0,674934135952596	0,577925254026687	HMGB1	1
GO:0010562	positive regulation of phosphorus metabolic process	1/23	167/4252	0,603071504071647	0,67767828808051	0,580274986735605	HMGA2	1
GO:0045937	positive regulation of phosphate metabolic process	1/23	167/4252	0,603071504071647	0,67767828808051	0,580274986735605	HMGA2	1
GO:0009967	positive regulation of signal transduction	2/23	371/4252	0,608937564959151	0,682825267718213	0,584682186425382	HMGB1/BCLAF1	2
GO:0050778	positive regulation of immune response	1/23	170/4252	0,609739994415041	0,682825267718213	0,584682186425382	HMGB1	1
GO:0060627	regulation of vesicle-mediated transport	1/23	174/4252	0,618464783077128	0,691411911337507	0,592034664142208	HMGB1	1
GO:0031399	regulation of protein modification process	2/23	384/4252	0,628455924209254	0,70138255022671	0,600572214261403	HMGA2/DEK	2
GO:0009894	regulation of catabolic process	2/23	390/4252	0,637226155794479	0,709958953815314	0,607915923756232	HMGB1/THRAP3	2
GO:0022008	neurogenesis	2/23	407/4252	0,661258509198091	0,734271386892812	0,628733909266016	HMGB1/SRSF1	2
GO:0031347	regulation of defense response	1/23	195/4252	0,661293343853007	0,734271386892812	0,628733909266016	HMGB1	1
GO:0006412	translation	2/23	408/4252	0,662634671897149	0,734513687153788	0,628941383495599	NOLC1/TCOF1	2
GO:0010647	positive regulation of cell communication	2/23	411/4252	0,666738237814478	0,736822862133123	0,630918658707261	HMGB1/BCLAF1	2
GO:0030162	regulation of proteolysis	1/23	198/4252	0,667022753177555	0,736822862133123	0,630918658707261	HMGB1	1
GO:0043043	peptide biosynthetic process	2/23	412/4252	0,66809779395251	0,736822862133123	0,630918658707261	NOLC1/TCOF1	2
GO:0042592	homeostatic process	2/23	413/4252	0,669453204850189	0,737074740693642	0,631134334538898	HMGB1/JMJD6	2
GO:0051338	regulation of transferase activity	1/23	200/4252	0,670790731111774	0,737306114532941	0,631332452811081	HMGA2	1
GO:0023056	positive regulation of signaling	2/23	416/4252	0,673494593973138	0,739036014192	0,632813712457982	HMGB1/BCLAF1	2
GO:0050790	regulation of catalytic activity	2/23	417/4252	0,674833452225508	0,739264786860105	0,633009603427612	HMGB1/HMGA2	2
GO:0009896	positive regulation of catabolic process	1/23	204/4252	0,678204694698939	0,741715502229274	0,635108075303354	HMGB1	1
GO:0022603	regulation of anatomical structure morphogenesis	1/23	207/4252	0,683660075587564	0,74590690789542	0,638697046515956	HMGA2	1
GO:0044419	biological process involved in interspecies interaction between organisms	2/23	425/4252	0,685395892919675	0,74590690789542	0,638697046515956	HMGB1/HMGA2	2
GO:0033993	response to lipid	1/23	208/4252	0,685458794564445	0,74590690789542	0,638697046515956	HMGB1	1
GO:1901700	response to oxygen-containing compound	2/23	429/4252	0,690578530443867	0,750229832076892	0,642398632971039	SRSF6/HMGB1	2
GO:0051336	regulation of hydrolase activity	1/23	212/4252	0,692556324321948	0,751130739811864	0,643170052438294	HMGB1	1
GO:0007167	enzyme linked receptor protein signaling pathway	1/23	213/4252	0,694306622475561	0,75178233625665	0,643727994348202	SUB1	1
GO:0097190	apoptotic signaling pathway	1/23	214/4252	0,696047386942771	0,752293896125936	0,644166027263798	BCLAF1	1
GO:0044092	negative regulation of molecular function	1/23	215/4252	0,697778667304415	0,752293896125936	0,644166027263798	HMGA2	1
GO:0051049	regulation of transport	2/23	435/4252	0,698229961694867	0,752293896125936	0,644166027263798	HMGB1/IWS1	2
GO:0050776	regulation of immune response	1/23	219/4252	0,704609930739159	0,757919234709555	0,648982830943962	HMGB1	1
GO:0045087	innate immune response	1/23	223/4252	0,711293351570708	0,763851973607952	0,654062852019042	HMGB1	1
GO:0043604	amide biosynthetic process	2/23	455/4252	0,722684799643219	0,77309003069924	0,661973114971827	NOLC1/TCOF1	2
GO:0006518	peptide metabolic process	2/23	456/4252	0,72386562318254	0,77309003069924	0,661973114971827	NOLC1/TCOF1	2
GO:0006914	autophagy	1/23	232/4252	0,725806236772681	0,77309003069924	0,661973114971827	HMGB1	1
GO:0030334	regulation of cell migration	1/23	232/4252	0,725806236772681	0,77309003069924	0,661973114971827	HMGB1	1
GO:0061919	process utilizing autophagic mechanism	1/23	232/4252	0,725806236772681	0,77309003069924	0,661973114971827	HMGB1	1
GO:1902531	regulation of intracellular signal transduction	2/23	461/4252	0,72971058464582	0,775549329441738	0,664078936525036	HMGB1/BCLAF1	2
GO:0007417	central nervous system development	1/23	235/4252	0,73048683017754	0,775549329441738	0,664078936525036	SRSF1	1
GO:0009725	response to hormone	1/23	236/4252	0,73202997254894	0,77592804221557	0,664403216576024	SRSF6	1
GO:0001932	regulation of protein phosphorylation	1/23	245/4252	0,74554310756608	0,787698210578702	0,674481648201947	HMGA2	1
GO:2000145	regulation of cell motility	1/23	245/4252	0,74554310756608	0,787698210578702	0,674481648201947	HMGB1	1
GO:0051301	cell division	1/23	246/4252	0,747003678698094	0,787968396562183	0,674713000114408	HMGA2	1
GO:0040012	regulation of locomotion	1/23	250/4252	0,752766171663648	0,792768238756886	0,678822956733725	HMGB1	1
GO:0031175	neuron projection development	1/23	251/4252	0,754187055734547	0,792987675965263	0,679010854037534	HMGB1	1
GO:0010564	regulation of cell cycle process	1/23	253/4252	0,757005426166629	0,794673432926124	0,680454315655397	HMGA2	1
GO:0032101	regulation of response to external stimulus	1/23	256/4252	0,761175099735805	0,797770056453872	0,683105858737261	HMGB1	1
GO:0098542	defense response to other organism	1/23	267/4252	0,775886055053683	0,811887168008174	0,6951939053281	HMGB1	1
GO:0042325	regulation of phosphorylation	1/23	269/4252	0,778465923860812	0,813285485950433	0,69639124179242	HMGA2	1
GO:0048666	neuron development	1/23	274/4252	0,784791907442614	0,818586774270286	0,700930571240612	HMGB1	1
GO:0060429	epithelium development	1/23	276/4252	0,787273604524477	0,819867734648102	0,702027418047305	SRSF6	1
GO:0040011	locomotion	1/23	279/4252	0,790944888976828	0,822381490287512	0,704179869359338	HMGB1	1
GO:0007267	cell-cell signaling	1/23	287/4252	0,800441059340519	0,830934052077301	0,71150316385824	HMGA2	1
GO:1901701	cellular response to oxygen-containing compound	1/23	305/4252	0,820322030540858	0,848618262150782	0,726645606734614	HMGB1	1
GO:0010243	response to organonitrogen compound	1/23	306/4252	0,821369051898234	0,848618262150782	0,726645606734614	SRSF6	1
GO:0043687	post-translational protein modification	1/23	306/4252	0,821369051898234	0,848618262150782	0,726645606734614	DEK	1
GO:0019220	regulation of phosphate metabolic process	1/23	312/4252	0,827529676247837	0,852290406718245	0,729789950706754	HMGA2	1
GO:0051174	regulation of phosphorus metabolic process	1/23	312/4252	0,827529676247837	0,852290406718245	0,729789950706754	HMGA2	1
GO:0006468	protein phosphorylation	1/23	320/4252	0,835428347242855	0,857723923228929	0,734442503070642	HMGA2	1
GO:0030182	neuron differentiation	1/23	320/4252	0,835428347242855	0,857723923228929	0,734442503070642	HMGB1	1
GO:1901698	response to nitrogen compound	1/23	331/4252	0,845725908586091	0,866935335760663	0,742329951110048	SRSF6	1
GO:0048699	generation of neurons	1/23	339/4252	0,852824806801634	0,872844168463645	0,747389502048381	HMGB1	1
GO:0060341	regulation of cellular localization	1/23	342/4252	0,855405456214865	0,874117450569565	0,748479774188007	IWS1	1
GO:0000278	mitotic cell cycle	1/23	352/4252	0,863698663607536	0,879842563861882	0,753382011869501	NOLC1	1
GO:0006955	immune response	1/23	352/4252	0,863698663607536	0,879842563861882	0,753382011869501	HMGB1	1
GO:0016477	cell migration	1/23	356/4252	0,866886861320791	0,881716963147429	0,754987002083426	HMGB1	1
GO:0051726	regulation of cell cycle	1/23	358/4252	0,868454087099179	0,881939399010657	0,755177467042764	HMGA2	1
GO:0006952	defense response	1/23	371/4252	0,878219017364216	0,890473236211158	0,762484728254203	HMGB1	1
GO:0120036	plasma membrane bounded cell projection organization	1/23	374/4252	0,880371897689344	0,891274336050822	0,763170685303456	HMGB1	1
GO:0030030	cell projection organization	1/23	384/4252	0,887288332900204	0,896888052112417	0,767977536976993	HMGB1	1
GO:0048870	cell motility	1/23	387/4252	0,889287541770734	0,897521685676019	0,76852009782656	HMGB1	1
GO:0016310	phosphorylation	1/23	410/4252	0,903526846721159	0,910487762335344	0,779622548788674	HMGA2	1
GO:0048585	negative regulation of response to stimulus	1/23	418/4252	0,908055496911668	0,913643530738816	0,782324735800821	HMGA2	1
GO:0033043	regulation of organelle organization	1/23	428/4252	0,913430809219882	0,916755024298618	0,784989011631844	SUB1	1
GO:0009719	response to endogenous stimulus	1/23	429/4252	0,913951492114218	0,916755024298618	0,784989011631844	SRSF6	1
GO:0022402	cell cycle process	1/23	447/4252	0,92282703334755	0,924240244730931	0,791398374693152	HMGA2	1
GO:0006508	proteolysis	1/23	495/4252	0,942418221977353	0,942418221977353	0,806963615148804	HMGB1	1
